,datadate,gvkey1,gvkey2,score,roe_spread,rd/rev_spread,MARKCAP_1,MARKCAP_2
0,2010,UTHR,BMRN,0.2583,-0.003846472,-0.049676379,3638690.32,2979373.62
1,2010,BMY,LLY,0.1903,-0.061745423,-0.035616571,45325418.8,40406130.72
2,2010,BMY,PFE,0.1834,0.003181902,0.033488492,45325418.8,140254242
3,2010,BMY,GILD,0.1673,-0.070583522,0.006304565,45325418.8,29064407.52
4,2010,ALXN,BMRN,0.1533,0.012986885,-0.239133012,7369841.7,2979373.62
5,2010,AMGN,BMY,0.1524,0.009741372,0.023791682,51166800,45325418.8
6,2010,UTHR,BMY,0.1513,-0.019563016,0.169097567,3638690.32,45325418.8
7,2010,ALXN,REGN,0.1403,0.065429339,-0.782781868,7369841.7,2864023.54
8,2010,BMRN,VRTX,0.1345,0.371512202,-1.920719275,2979373.62,7129410.69
9,2010,PFE,LLY,0.1337,-0.064927324,-0.069105064,140254242,40406130.72
10,2010,UTHR,ALXN,0.1318,-0.016833356,0.189456633,3638690.32,7369841.7
11,2010,VRTX,UTHR,0.1315,-0.367665731,1.970395654,7129410.69,3638690.32
12,2010,BMRN,GILD,0.131,-0.086300066,0.225078511,2979373.62,29064407.52
13,2010,MYL,GILD,0.1304,-0.095529681,-0.13198798,9215004.3,29064407.52
14,2010,VRTX,ALXN,0.1275,-0.384499087,2.159852286,7129410.69,7369841.7
15,2010,AMGN,PFE,0.1271,0.012923274,0.057280174,51166800,140254242
16,2010,BMRN,BMY,0.1266,-0.015716545,0.218773946,2979373.62,45325418.8
17,2010,BMRN,AMGN,0.1239,-0.025457917,0.194982265,2979373.62,51166800
18,2010,AMGN,VRTX,0.1236,0.396970119,-2.115701539,51166800,7129410.69
19,2010,AMGN,UTHR,0.123,0.029304388,-0.145305886,51166800,3638690.32
20,2010,PFE,MRK,0.1206,0.038392837,-0.195282046,140254242,111034951.2
21,2010,BMY,MYL,0.1197,0.02494616,0.138292545,45325418.8,9215004.3
22,2010,GILD,MRK,0.1183,0.11215826,-0.168098119,29064407.52,111034951.2
23,2010,AMGN,ALXN,0.1169,0.012471032,0.044150747,51166800,7369841.7
24,2010,GILD,UTHR,0.1167,0.090146538,-0.175402132,29064407.52,3638690.32
25,2010,AMGN,GILD,0.1162,-0.060842149,0.030096246,51166800,29064407.52
26,2010,VRTX,REGN,0.1149,-0.319069747,1.377070418,7129410.69,2864023.54
27,2010,AMGN,LLY,0.1136,-0.052004051,-0.01182489,51166800,40406130.72
28,2010,UTHR,MYL,0.1079,0.005383143,0.307390112,3638690.32,9215004.3
29,2010,MRK,BMY,0.1078,-0.041574738,0.161793554,111034951.2,45325418.8
30,2010,LLY,GILD,0.1075,-0.008838099,0.041921136,40406130.72,29064407.52
31,2010,REGN,BMRN,0.1053,-0.052442455,0.543648857,2864023.54,2979373.62
32,2010,MYL,PFE,0.1049,-0.021764258,-0.104804052,9215004.3,140254242
33,2010,BMY,ALXN,0.1038,0.00272966,0.020359065,45325418.8,7369841.7
34,2010,LLY,BMRN,0.1031,0.077461968,-0.183157375,40406130.72,2979373.62
35,2010,MYL,BMRN,0.102,-0.009229615,-0.357066491,9215004.3,2979373.62
36,2010,VRTX,GILD,0.0945,-0.457812268,2.145797786,7129410.69,29064407.52
37,2010,BMY,REGN,0.0933,0.068159,-0.762422803,45325418.8,2864023.54
38,2010,ALXN,LLY,0.0928,-0.064475083,-0.055975637,7369841.7,40406130.72
39,2010,AMGN,MRK,0.0887,0.05131611,-0.138001872,51166800,111034951.2
40,2010,LLY,MRK,0.0885,0.103320161,-0.126176983,40406130.72,111034951.2
41,2010,GILD,PFE,0.0874,0.073765423,0.027183928,29064407.52,140254242
42,2010,REGN,MRK,0.085,-0.026584261,0.600629249,2864023.54,111034951.2
43,2010,REGN,UTHR,0.0835,-0.048595983,0.593325236,2864023.54,3638690.32
44,2010,MYL,PRGO,0.0812,-0.059192782,0.022920972,9215004.3,5847702.21
45,2010,LLY,MYL,0.081,0.086691583,0.173909116,40406130.72,9215004.3
46,2010,UTHR,PFE,0.0793,-0.016381115,0.20258606,3638690.32,140254242
47,2010,ALXN,GILD,0.078,-0.073313182,-0.014054501,7369841.7,29064407.52
48,2010,UTHR,MRK,0.0774,0.022011722,0.007304013,3638690.32,111034951.2
49,2010,IDXX,TECH,0.0772,0.014289636,-0.035678075,3967067.42,2437604.73
50,2010,BMY,VRTX,0.0768,0.387228747,-2.139493221,45325418.8,7129410.69
51,2010,PRGO,BMRN,0.0756,0.049963167,-0.379987463,5847702.21,2979373.62
52,2010,REGN,GILD,0.0751,-0.138742521,0.768727368,2864023.54,29064407.52
53,2010,LLY,VRTX,0.075,0.44897417,-2.10387665,40406130.72,7129410.69
54,2010,UTHR,PRGO,0.0748,-0.053809639,0.330311084,3638690.32,5847702.21
55,2010,BMRN,PFE,0.0701,-0.012534643,0.252262439,2979373.62,140254242
56,2010,MYL,MRK,0.068,0.016628578,-0.300086099,9215004.3,111034951.2
57,2010,MRK,BMRN,0.0671,-0.025858194,-0.056980392,111034951.2,2979373.62
58,2010,REGN,LLY,0.0642,-0.129904422,0.726806232,2864023.54,40406130.72
59,2010,VRTX,MRK,0.0571,-0.345654009,1.977699667,7129410.69,111034951.2
60,2010,AMGN,MYL,0.0548,0.034687532,0.162084226,51166800,9215004.3
61,2010,MYL,ALXN,0.0544,-0.0222165,-0.117933479,9215004.3,7369841.7
62,2010,BMY,PRGO,0.0538,-0.034246623,0.161213517,45325418.8,5847702.21
63,2010,ALXN,PFE,0.0519,0.000452242,0.013129427,7369841.7,140254242
64,2010,VRTX,PFE,0.05,-0.384046845,2.172981713,7129410.69,140254242
65,2010,PFE,REGN,0.0472,0.064977098,-0.795911295,140254242,2864023.54
66,2010,MYL,VRTX,0.0465,0.362282587,-2.277785766,9215004.3,7129410.69
67,2010,PRGO,GILD,0.0454,-0.036336899,-0.154908952,5847702.21,29064407.52
68,2010,ALXN,MRK,0.0416,0.038845078,-0.182152619,7369841.7,111034951.2
69,2010,BMRN,IART,0.0411,-0.019239538,0.345713425,2979373.62,1349610.9
70,2010,AMGN,PRGO,0.0379,-0.024505251,0.185005198,51166800,5847702.21
71,2010,IART,UTHR,0.0377,0.02308601,-0.296037045,1349610.9,3638690.32
72,2010,REGN,PDLI,0.0365,-0.089283083,-0.066016262,2864023.54,869957.2
73,2010,PRGO,PFE,0.0333,0.037428524,-0.127725025,5847702.21,140254242
74,2010,BMY,PDLI,0.0315,-0.021124083,-0.828439065,45325418.8,869957.2
75,2010,PRGO,LLY,0.0309,-0.0274988,-0.196830088,5847702.21,40406130.72
76,2010,TECH,ALXN,0.0263,0.0180433,-0.077221509,2437604.73,7369841.7
77,2010,IART,AMGN,0.0253,-0.006218378,-0.15073116,1349610.9,51166800
78,2010,MRK,PRGO,0.0216,-0.075821361,0.323007071,111034951.2,5847702.21
79,2010,ALXN,IART,0.0213,-0.006252654,0.106580413,7369841.7,1349610.9
80,2010,PDLI,AMGN,0.0191,0.011382711,0.804647383,869957.2,51166800
81,2010,TECH,REGN,0.0174,0.08347264,-0.860003377,2437604.73,2864023.54
82,2010,TECH,AMGN,0.0162,0.005572268,-0.121372256,2437604.73,51166800
83,2010,ALXN,PRGO,0.0151,-0.036976283,0.140854452,7369841.7,5847702.21
84,2010,ALXN,PDLI,0.0137,-0.023853743,-0.84879813,7369841.7,869957.2
85,2010,MRK,IART,0.0133,-0.045097732,0.288733032,111034951.2,1349610.9
86,2010,REGN,IART,0.013,-0.071681993,0.889362281,2864023.54,1349610.9
87,2010,MYL,REGN,0.0114,0.04321284,-0.900715348,9215004.3,2864023.54
88,2010,VRTX,IART,0.0083,-0.390751741,2.266432699,7129410.69,1349610.9
89,2010,IART,LLY,0.0051,-0.058222429,-0.16255605,1349610.9,40406130.72
90,2010,PRGO,VRTX,0.005,0.42147537,-2.300706738,5847702.21,7129410.69
91,2010,BMRN,PDLI,0.0045,-0.036840628,-0.609665119,2979373.62,869957.2
92,2010,IDXX,MYL,0.0042,0.054549436,0.005033896,3967067.42,9215004.3
93,2010,PDLI,LLY,0.0027,-0.04062134,0.792822494,869957.2,40406130.72
94,2010,IDXX,AMGN,0.0004,0.019861905,-0.157050331,3967067.42,51166800
95,2010,BMY,IART,0.0003,-0.003522994,0.126939478,45325418.8,1349610.9
96,2011,UTHR,BMRN,0.2597,0.081364033,-0.282180173,2533072.5,3946480.2
97,2011,BMY,LLY,0.1975,-0.01108989,-0.038113775,59715307.68,48116588.72
98,2011,BMY,PFE,0.1881,0.034514256,0.027046617,59715307.68,166345965.9
99,2011,BMY,GILD,0.185,-0.044863312,0.006282031,59715307.68,30824628.58
100,2011,VRTX,UTHR,0.1656,0.123045306,0.020055356,6950985.84,2533072.5
101,2011,AMGN,BMY,0.1578,-0.007829282,0.027768,51085476,59715307.68
102,2011,UTHR,ALXN,0.1551,0.003960027,0.098184985,2533072.5,13264608.5
103,2011,LLY,PFE,0.1531,0.045604147,0.065160392,48116588.72,166345965.9
104,2011,BMRN,VRTX,0.1526,-0.204409339,0.262124817,3946480.2,6950985.84
105,2011,UTHR,BMY,0.1513,-0.006073508,0.06783416,2533072.5,59715307.68
106,2011,ALXN,BMRN,0.15,0.077404006,-0.380365158,13264608.5,3946480.2
107,2011,VRTX,ALXN,0.1465,0.127005333,0.118240341,6950985.84,13264608.5
108,2011,UTHR,AMGN,0.1423,0.001755774,0.04006616,2533072.5,51085476
109,2011,AMGN,BMRN,0.1375,0.079608259,-0.322246333,51085476,3946480.2
110,2011,BMRN,BMY,0.1369,-0.087437541,0.350014333,3946480.2,59715307.68
111,2011,GILD,VRTX,0.1368,-0.072108486,-0.094171548,30824628.58,6950985.84
112,2011,REGN,AMGN,0.1363,-0.159750685,0.857218217,5027057.56,51085476
113,2011,VRTX,AMGN,0.131,0.12480108,0.060121517,6950985.84,51085476
114,2011,ALXN,REGN,0.1301,0.157546432,-0.915337041,13264608.5,5027057.56
115,2011,MRK,BMY,0.1299,-0.02732145,0.008916711,114906621.7,59715307.68
116,2011,MYL,BMY,0.1296,-0.016541936,-0.134282502,9156509.88,59715307.68
117,2011,AMGN,GILD,0.1274,-0.052692594,0.034050031,51085476,30824628.58
118,2011,UTHR,MYL,0.1255,0.010468427,0.202116662,2533072.5,9156509.88
119,2011,PFE,AMGN,0.1247,-0.026684974,-0.054814617,166345965.9,51085476
120,2011,BMRN,GILD,0.1235,-0.132300853,0.356296364,3946480.2,30824628.58
121,2011,PFE,MYL,0.1229,-0.017972321,0.107235885,166345965.9,9156509.88
122,2011,VRTX,REGN,0.121,0.284551765,-0.7970967,6950985.84,5027057.56
123,2011,AMGN,LLY,0.1202,-0.018919173,-0.010345775,51085476,48116588.72
124,2011,REGN,UTHR,0.119,-0.161506459,0.817152057,5027057.56,2533072.5
125,2011,LLY,BMRN,0.1189,0.098527432,-0.311900558,48116588.72,3946480.2
126,2011,AMGN,ALXN,0.1187,0.002204253,0.058118825,51085476,13264608.5
127,2011,GILD,LLY,0.117,0.033773421,-0.044395806,30824628.58,48116588.72
128,2011,MRK,LLY,0.1157,-0.03841134,-0.029197064,114906621.7,48116588.72
129,2011,BMRN,REGN,0.1153,0.080142426,-0.534971884,3946480.2,5027057.56
130,2011,VRTX,BMY,0.1105,0.116971797,0.087889517,6950985.84,59715307.68
131,2011,REGN,MRK,0.1097,-0.140258518,0.876069506,5027057.56,114906621.7
132,2011,MRK,GILD,0.1092,-0.072184762,0.015198742,114906621.7,30824628.58
133,2011,MYL,GILD,0.1084,-0.061405247,-0.128000471,9156509.88,30824628.58
134,2011,GILD,UTHR,0.1067,0.05093682,-0.074116192,30824628.58,2533072.5
135,2011,MYL,BMRN,0.1044,0.070895606,-0.484296835,9156509.88,3946480.2
136,2011,BMY,ALXN,0.1041,0.010033535,0.030350824,59715307.68,13264608.5
137,2011,AMGN,MRK,0.1034,0.019492167,0.018851289,51085476,114906621.7
138,2011,REGN,BMY,0.102,-0.167579968,0.884986217,5027057.56,59715307.68
139,2011,LLY,UTHR,0.1004,0.017163399,-0.029720386,48116588.72,2533072.5
140,2011,MYL,LLY,0.0997,-0.027631826,-0.172396277,9156509.88,48116588.72
141,2011,VRTX,LLY,0.0972,0.105881907,0.049775742,6950985.84,48116588.72
142,2011,PFE,GILD,0.095,-0.079377568,-0.020764586,166345965.9,30824628.58
143,2011,PFE,UTHR,0.0936,-0.028440748,-0.094880777,166345965.9,2533072.5
144,2011,MRK,UTHR,0.0934,-0.021247941,-0.058917449,114906621.7,2533072.5
145,2011,ALXN,GILD,0.0893,-0.054896847,-0.024068793,13264608.5,30824628.58
146,2011,VRTX,MYL,0.0886,0.133513733,0.222172018,6950985.84,9156509.88
147,2011,REGN,GILD,0.0853,-0.212443279,0.891268248,5027057.56,30824628.58
148,2011,NEOG,IDXX,0.085,,,720867.28,4240572.96
149,2011,BMRN,MRK,0.0835,-0.060116091,0.341097622,3946480.2,114906621.7
150,2011,MYL,PRGO,0.0812,-0.022062334,0.013938298,9156509.88,9076825.1
151,2011,MRK,ALXN,0.0804,-0.017287914,0.039267536,114906621.7,13264608.5
152,2011,PFE,BMRN,0.08,0.052923285,-0.37706095,166345965.9,3946480.2
153,2011,ALXN,LLY,0.0779,-0.021123426,-0.068464599,13264608.5,48116588.72
154,2011,PRGO,BMRN,0.0773,0.092957939,-0.498235133,9076825.1,3946480.2
155,2011,PRGO,UTHR,0.0765,0.011593907,-0.21605496,9076825.1,2533072.5
156,2011,MYL,MRK,0.0759,0.010779514,-0.143199213,9156509.88,114906621.7
157,2011,REGN,PFE,0.0727,-0.133065711,0.912032834,5027057.56,166345965.9
158,2011,REGN,LLY,0.0726,-0.178669858,0.846872442,5027057.56,48116588.72
159,2011,MRK,VRTX,0.0721,-0.144293247,-0.078972805,114906621.7,6950985.84
160,2011,TECH,IDXX,0.0711,-0.02651984,0.025398108,2518179.66,4240572.96
161,2011,PFE,VRTX,0.0657,-0.151486054,-0.114936133,166345965.9,6950985.84
162,2011,PRGO,BMY,0.0594,0.005520398,-0.148220799,9076825.1,59715307.68
163,2011,MYL,ALXN,0.0566,-0.0065084,-0.103931677,9156509.88,13264608.5
164,2011,PFE,ALXN,0.0495,-0.024480721,0.003304208,166345965.9,13264608.5
165,2011,PRGO,AMGN,0.049,0.01334968,-0.1759888,9076825.1,51085476
166,2011,PRGO,PFE,0.0478,0.040034654,-0.121174183,9076825.1,166345965.9
167,2011,TECH,ALXN,0.0396,-0.000588076,-0.063107561,2518179.66,13264608.5
168,2011,GILD,PRGO,0.0392,0.039342914,0.141938768,30824628.58,9076825.1
169,2011,IART,BMRN,0.0387,0.043626501,-0.468656715,827199.73,3946480.2
170,2011,REGN,TECH,0.0364,-0.156958356,0.978444602,5027057.56,2518179.66
171,2011,UTHR,IART,0.0356,0.037737532,0.186476542,2533072.5,827199.73
172,2011,REGN,MYL,0.0314,-0.151038032,1.019268719,5027057.56,9156509.88
173,2011,PRGO,MRK,0.0296,0.032841848,-0.157137511,9076825.1,114906621.7
174,2011,TECH,NEOG,0.0264,,,2518179.66,720867.28
175,2011,LLY,PRGO,0.0262,0.005569492,0.186334574,48116588.72,9076825.1
176,2011,TECH,AMGN,0.0232,-0.002792329,-0.121226385,2518179.66,51085476
177,2011,VRTX,PRGO,0.0231,0.111451399,0.236110316,6950985.84,9076825.1
178,2011,IART,AMGN,0.0226,-0.035981758,-0.146410381,827199.73,51085476
179,2011,IART,ALXN,0.0145,-0.033777505,-0.088291557,827199.73,13264608.5
180,2011,ALXN,IDXX,0.0113,-0.025931764,0.088505668,13264608.5,4240572.96
181,2011,IART,BMY,0.0104,-0.043811041,-0.118642381,827199.73,59715307.68
182,2011,TECH,GILD,0.0097,-0.055484924,-0.087176354,2518179.66,30824628.58
183,2011,LLY,TECH,0.0089,0.021711502,0.13157216,48116588.72,2518179.66
184,2011,GILD,IDXX,0.007,0.028965084,0.112574462,30824628.58,4240572.96
185,2011,ALXN,PRGO,0.0061,-0.015553933,0.117869975,13264608.5,9076825.1
186,2011,IDXX,IART,0.0058,0.059709269,-0.000214111,4240572.96,827199.73
187,2011,VRTX,TECH,0.0057,0.127593409,0.181347902,6950985.84,2518179.66
188,2011,TECH,BMRN,0.0036,0.07681593,-0.443472718,2518179.66,3946480.2
189,2011,IART,VRTX,0.0034,-0.160782838,-0.206531898,827199.73,6950985.84
190,2011,IDXX,AMGN,0.0033,0.023727511,-0.146624493,4240572.96,51085476
191,2011,TECH,MRK,0.0024,0.016699838,-0.102375097,2518179.66,114906621.7
192,2011,IDXX,MYL,0.0007,0.032440164,0.015426009,4240572.96,9156509.88
193,2011,MYL,IART,0,0.027269105,-0.01564012,9156509.88,827199.73
194,2012,IMGN,VRTX,0.2885,-0.118432174,7.516389556,1073397,9104325.3
195,2012,UTHR,BMRN,0.2548,0.123465529,-0.46413204,2679867.72,6189802.8
196,2012,UTHR,IMGN,0.2233,0.254126452,-7.883587621,2679867.72,1073397
197,2012,IMGN,BMRN,0.2141,-0.130660924,7.41945558,1073397,6189802.8
198,2012,LLY,BMY,0.1942,0.001609612,-0.011821645,57233541.96,53795954.51
199,2012,ALXN,IMGN,0.1773,0.220056628,-7.842923495,18250334.34,1073397
200,2012,GILD,BMY,0.1772,0.022787441,-0.085550612,55822000,53795954.51
201,2012,IMGN,AMGN,0.1748,-0.221293621,7.836625475,1073397,65193060
202,2012,UTHR,ALXN,0.1711,0.034069825,-0.040664125,2679867.72,18250334.34
203,2012,BMRN,ALXN,0.1691,-0.089395704,0.423467915,6189802.8,18250334.34
204,2012,BMY,AMGN,0.1631,0.014004443,0.046252306,53795954.51,65193060
205,2012,VRTX,ALXN,0.1624,-0.101624453,0.326533939,9104325.3,18250334.34
206,2012,UTHR,VRTX,0.1592,0.135694278,-0.367198064,2679867.72,9104325.3
207,2012,BMY,UTHR,0.1523,-0.018828388,0.093214452,53795954.51,2679867.72
208,2012,UTHR,AMGN,0.1511,0.032832831,-0.046962146,2679867.72,65193060
209,2012,BMRN,AMGN,0.1509,-0.090632697,0.417169895,6189802.8,65193060
210,2012,ALXN,AMGN,0.1469,-0.001236994,-0.00629802,18250334.34,65193060
211,2012,UTHR,VVUS,0.1463,0.318495895,-24.03491776,2679867.72,1350924.3
212,2012,GILD,AMGN,0.1438,0.036791884,-0.039298306,55822000,65193060
213,2012,GILD,VRTX,0.1432,0.139653331,-0.359534224,55822000,9104325.3
214,2012,AMGN,VRTX,0.1424,0.102861447,-0.320235919,65193060,9104325.3
215,2012,AMGN,REGN,0.1423,-0.319630074,-0.220137947,65193060,16289970.63
216,2012,PFE,MYL,0.1404,0.024380132,0.075665594,184648202.1,10848377.25
217,2012,BMY,PFE,0.1396,-0.016615053,0.112160368,53795954.51,184648202.1
218,2012,LLY,AMGN,0.1349,0.015614055,0.034430662,57233541.96,65193060
219,2012,VVUS,BMRN,0.1322,-0.195030366,23.57078572,1350924.3,6189802.8
220,2012,AMGN,PFE,0.1317,-0.030619497,0.065908062,65193060,184648202.1
221,2012,BMRN,GILD,0.1311,-0.127424582,0.4564682,6189802.8,55822000
222,2012,REGN,IMGN,0.1304,0.540923695,-7.616487528,16289970.63,1073397
223,2012,BMY,BMRN,0.1303,0.104637141,-0.370917589,53795954.51,6189802.8
224,2012,UTHR,GILD,0.1299,-0.003959053,-0.00766384,2679867.72,55822000
225,2012,BMY,MRK,0.1289,0.03917021,0.070080763,53795954.51,124460547.7
226,2012,MYL,UTHR,0.1276,-0.026593467,-0.09461151,10848377.25,2679867.72
227,2012,MRK,AMGN,0.1269,-0.025165766,-0.023828457,124460547.7,65193060
228,2012,MYL,IMGN,0.1265,0.227532986,-7.978199131,10848377.25,1073397
229,2012,REGN,VRTX,0.1257,0.422491521,-0.100097972,16289970.63,9104325.3
230,2012,IMGN,GILD,0.1243,-0.258085505,7.875923781,1073397,55822000
231,2012,BMY,MYL,0.1235,0.007765079,0.187825962,53795954.51,10848377.25
232,2012,BMY,IMGN,0.1234,0.235298065,-7.790373169,53795954.51,1073397
233,2012,PFE,LLY,0.1232,0.015005441,-0.100338724,184648202.1,57233541.96
234,2012,LLY,BMRN,0.123,0.106246753,-0.382739233,57233541.96,6189802.8
235,2012,VVUS,VRTX,0.1191,-0.182801616,23.66771969,1350924.3,9104325.3
236,2012,REGN,ALXN,0.1188,0.320867067,0.226435967,16289970.63,18250334.34
237,2012,LLY,GILD,0.1183,-0.021177829,0.073728967,57233541.96,55822000
238,2012,VVUS,AMGN,0.1165,-0.285663063,23.98795561,1350924.3,65193060
239,2012,GILD,MRK,0.1131,0.061957651,-0.015469849,55822000,124460547.7
240,2012,ALXN,BMY,0.1113,-0.015241437,-0.052550326,18250334.34,53795954.51
241,2012,VRTX,BMY,0.1111,-0.11686589,0.273983613,9104325.3,53795954.51
242,2012,MRK,LLY,0.109,-0.040779822,-0.058259118,124460547.7,57233541.96
243,2012,MYL,GILD,0.1083,-0.030552519,-0.10227535,10848377.25,55822000
244,2012,BMY,VVUS,0.1073,0.299667507,-23.94170331,53795954.51,1350924.3
245,2012,REGN,BMRN,0.106,0.410262771,-0.197031948,16289970.63,6189802.8
246,2012,IMGN,LLY,0.1053,-0.236907676,7.802194813,1073397,57233541.96
247,2012,VRTX,LLY,0.1046,-0.118475502,0.285805257,9104325.3,57233541.96
248,2012,MRK,UTHR,0.1045,-0.057998598,0.023133689,124460547.7,2679867.72
249,2012,ALXN,GILD,0.1041,-0.038028878,0.033000285,18250334.34,55822000
250,2012,MYL,BMRN,0.1031,0.096872062,-0.558743551,10848377.25,6189802.8
251,2012,UTHR,LLY,0.1015,0.017218776,-0.081392807,2679867.72,57233541.96
252,2012,UTHR,REGN,0.1005,-0.286797242,-0.267100092,2679867.72,16289970.63
253,2012,VVUS,LLY,0.0984,-0.301277119,23.95352495,1350924.3,57233541.96
254,2012,MYL,LLY,0.0966,-0.009374691,-0.176004318,10848377.25,57233541.96
255,2012,MYL,VRTX,0.0963,0.109100812,-0.461809575,10848377.25,9104325.3
256,2012,REGN,VVUS,0.0955,0.605293137,-23.76781767,16289970.63,1350924.3
257,2012,REGN,BMY,0.0948,0.30562563,0.17388564,16289970.63,53795954.51
258,2012,VVUS,ALXN,0.0942,-0.28442607,23.99425363,1350924.3,18250334.34
259,2012,MYL,VVUS,0.093,0.291902428,-24.12952927,10848377.25,1350924.3
260,2012,ALXN,MYL,0.0925,-0.007476358,0.135275636,18250334.34,10848377.25
261,2012,AMGN,MYL,0.0918,-0.006239365,0.141573656,65193060,10848377.25
262,2012,BMRN,MRK,0.0902,-0.065466931,0.440998351,6189802.8,124460547.7
263,2012,PFE,UTHR,0.0896,-0.002213335,-0.018945917,184648202.1,2679867.72
264,2012,GILD,REGN,0.0894,-0.282838189,-0.259436252,55822000,16289970.63
265,2012,GILD,VVUS,0.0881,0.322454947,-24.02725392,55822000,1350924.3
266,2012,PFE,VVUS,0.0874,0.31628256,-24.05386368,184648202.1,1350924.3
267,2012,LLY,ALXN,0.0859,0.016851049,0.040728682,57233541.96,18250334.34
268,2012,MRK,VVUS,0.0845,0.260497297,-24.01178407,124460547.7,1350924.3
269,2012,PRGO,MYL,0.084,0.001581224,-0.037160591,9776739.4,10848377.25
270,2012,BMRN,PFE,0.0804,-0.121252194,0.483077957,6189802.8,184648202.1
271,2012,PFE,MRK,0.0803,0.055785263,-0.042079606,184648202.1,124460547.7
272,2012,VRTX,MRK,0.0769,-0.07769568,0.344064376,9104325.3,124460547.7
273,2012,MYL,MRK,0.0752,0.031405131,-0.117745199,10848377.25,124460547.7
274,2012,MRK,ALXN,0.0713,-0.023928773,-0.017530437,124460547.7,18250334.34
275,2012,MRK,IMGN,0.0703,0.196127855,-7.860453932,124460547.7,1073397
276,2012,PRGO,UTHR,0.069,-0.025012242,-0.131772102,9776739.4,2679867.72
277,2012,PRGO,PFE,0.0656,-0.022798907,-0.112826185,9776739.4,184648202.1
278,2012,PRGO,BMY,0.0653,-0.006183854,-0.224986554,9776739.4,53795954.51
279,2012,PRGO,BMRN,0.0647,0.098453286,-0.595904142,9776739.4,6189802.8
280,2012,REGN,LLY,0.0636,0.304016018,0.185707285,16289970.63,57233541.96
281,2012,AMGN,PRGO,0.0613,-0.007820589,0.178734247,65193060,9776739.4
282,2012,IDXX,TECH,0.061,0.031752751,-0.03290069,5058342.4,2517782.28
283,2012,VRTX,PFE,0.058,-0.133480944,0.386143981,9104325.3,184648202.1
284,2012,ALXN,PFE,0.0576,-0.03185649,0.059610042,18250334.34,184648202.1
285,2012,PRGO,IMGN,0.0552,0.22911421,-8.015359722,9776739.4,1073397
286,2012,IMGN,PFE,0.0527,-0.251913118,7.902533537,1073397,184648202.1
287,2012,PRGO,MRK,0.0501,0.032986356,-0.154905791,9776739.4,124460547.7
288,2012,VVUS,PRGO,0.0421,-0.293483652,24.16668986,1350924.3,9776739.4
289,2012,LLY,PRGO,0.0419,0.007793466,0.213164909,57233541.96,9776739.4
290,2012,REGN,MYL,0.039,0.313390709,0.361711603,16289970.63,10848377.25
291,2012,VRTX,PRGO,0.0332,-0.110682036,0.498970166,9104325.3,9776739.4
292,2012,GILD,PRGO,0.0328,0.028971295,0.139435942,55822000,9776739.4
293,2012,TECH,REGN,0.0326,-0.325825777,-0.332676758,2517782.28,16289970.63
294,2012,ALXN,PRGO,0.0306,-0.009057583,0.172436227,18250334.34,9776739.4
295,2012,TECH,ALXN,0.0264,-0.00495871,-0.106240791,2517782.28,18250334.34
296,2012,PFE,REGN,0.0263,-0.289010577,-0.286046009,184648202.1,16289970.63
297,2012,TECH,AMGN,0.0199,-0.006195703,-0.112538811,2517782.28,65193060
298,2012,TECH,IMGN,0.0147,0.215097918,-7.949164286,2517782.28,1073397
299,2012,TECH,GILD,0.008,-0.042987587,-0.073240506,2517782.28,55822000
300,2012,IDXX,GILD,0.0062,-0.011234837,-0.106141196,5058342.4,55822000
301,2013,UTHR,BMRN,0.2397,0.029570892,-0.258426657,5697875.04,10092692.4
302,2013,IMGN,VRTX,0.2388,-0.004965059,0.082384543,1256177.43,17370522.7
303,2013,LLY,BMY,0.2327,-0.003163413,0.045104144,57459150,87513760.45
304,2013,IMGN,UTHR,0.2082,0.032239764,0.387122244,1256177.43,5697875.04
305,2013,UTHR,ALXN,0.1897,-0.012796243,0.205706723,5697875.04,26172301.1
306,2013,BMRN,ALXN,0.1854,-0.042367135,0.46413338,10092692.4,26172301.1
307,2013,VRTX,ALXN,0.1809,0.02440858,0.510444424,17370522.7,26172301.1
308,2013,GILD,BMY,0.1796,0.01984474,-0.037275258,115234491.4,87513760.45
309,2013,BMRN,IMGN,0.1776,-0.061810655,-0.128695587,10092692.4,1256177.43
310,2013,IMGN,ALXN,0.1711,0.019443521,0.592828967,1256177.43,26172301.1
311,2013,PFE,BMY,0.1697,-0.012700876,-0.0830739,198515204.7,87513760.45
312,2013,BMY,AMGN,0.1684,-0.000374105,-0.029068284,87513760.45,86084768
313,2013,UTHR,BMY,0.1642,-0.063456853,0.186058102,5697875.04,87513760.45
314,2013,VVUS,UTHR,0.1624,-0.115961169,-0.25353192,938091.12,5697875.04
315,2013,BMRN,VVUS,0.1618,0.086390277,0.511958576,10092692.4,938091.12
316,2013,IMGN,AMGN,0.161,-0.031591195,0.544112062,1256177.43,86084768
317,2013,VRTX,UTHR,0.1602,0.037204823,0.304737701,17370522.7,5697875.04
318,2013,BMRN,VRTX,0.1555,-0.066775714,-0.046311044,10092692.4,17370522.7
319,2013,AMGN,GILD,0.1546,-0.019470635,0.066343542,86084768,115234491.4
320,2013,AMGN,REGN,0.1539,-0.004909299,-0.188081422,86084768,26881864.1
321,2013,GILD,VRTX,0.1499,0.04609677,-0.52807106,115234491.4,17370522.7
322,2013,MYL,PFE,0.1485,0.025008873,-0.042518439,16127613.6,198515204.7
323,2013,VVUS,VRTX,0.1424,-0.153165992,-0.55826962,938091.12,17370522.7
324,2013,AMGN,LLY,0.1404,0.003537518,-0.016035859,86084768,57459150
325,2013,VRTX,AMGN,0.1393,-0.026626136,0.461727518,17370522.7,86084768
326,2013,AMGN,ALXN,0.1376,0.051034715,0.048716905,86084768,26172301.1
327,2013,MRK,BMY,0.1375,-0.031852961,-0.054740965,146242546.5,87513760.45
328,2013,REGN,VRTX,0.1363,0.031535434,-0.273646097,26881864.1,17370522.7
329,2013,MYL,UTHR,0.1355,0.07576485,-0.311650442,16127613.6,5697875.04
330,2013,BMRN,LLY,0.1338,-0.089864332,0.399380615,10092692.4,57459150
331,2013,VVUS,ALXN,0.1328,-0.128757412,-0.047825197,938091.12,26172301.1
332,2013,BMRN,BMY,0.1323,-0.093027745,0.444484759,10092692.4,87513760.45
333,2013,PFE,LLY,0.1318,-0.009537463,-0.128178044,198515204.7,57459150
334,2013,BMY,ALXN,0.1296,0.05066061,0.019648621,87513760.45,26172301.1
335,2013,MRK,LLY,0.1291,-0.028689548,-0.099845109,146242546.5,57459150
336,2013,BMY,IMGN,0.1272,0.031217089,-0.573180346,87513760.45,1256177.43
337,2013,MYL,BMY,0.1271,0.012307997,-0.12559234,16127613.6,87513760.45
338,2013,AMGN,UTHR,0.1254,0.063830958,-0.156989818,86084768,5697875.04
339,2013,BMRN,AMGN,0.1244,-0.09340185,0.415416474,10092692.4,86084768
340,2013,AMGN,MRK,0.1232,0.032227066,0.083809249,86084768,146242546.5
341,2013,IMGN,MYL,0.1225,-0.043525086,0.698772686,1256177.43,16127613.6
342,2013,BMRN,MRK,0.1204,-0.061174784,0.499225724,10092692.4,146242546.5
343,2013,UTHR,LLY,0.1201,-0.06029344,0.140953959,5697875.04,57459150
344,2013,ALXN,GILD,0.1191,-0.07050535,0.017626637,26172301.1,115234491.4
345,2013,BMY,VRTX,0.119,0.02625203,-0.490795803,87513760.45,17370522.7
346,2013,MYL,LLY,0.1176,0.015471409,-0.170696483,16127613.6,57459150
347,2013,IMGN,VVUS,0.1174,0.148200933,0.640654164,1256177.43,938091.12
348,2013,BMY,VVUS,0.1168,0.179418022,0.067473818,87513760.45,938091.12
349,2013,REGN,BMRN,0.1167,0.098311149,-0.227335053,26881864.1,10092692.4
350,2013,UTHR,GILD,0.1163,-0.083301593,0.22333336,5697875.04,115234491.4
351,2013,MRK,GILD,0.1158,-0.051697701,-0.017465708,146242546.5,115234491.4
352,2013,IMGN,REGN,0.1151,-0.036500493,0.35603064,1256177.43,26881864.1
353,2013,LLY,VRTX,0.1141,0.023088618,-0.445691659,57459150,17370522.7
354,2013,GILD,LLY,0.1113,0.023008153,-0.082379401,115234491.4,57459150
355,2013,REGN,ALXN,0.1111,0.055944014,0.236798327,26881864.1,26172301.1
356,2013,IMGN,GILD,0.1109,-0.051061829,0.610455603,1256177.43,115234491.4
357,2013,BMY,REGN,0.1096,-0.005283404,-0.217149706,87513760.45,26881864.1
358,2013,BMRN,GILD,0.1094,-0.112872485,0.481760016,10092692.4,115234491.4
359,2013,REGN,MRK,0.1092,0.037136365,0.271890671,26881864.1,146242546.5
360,2013,VVUS,LLY,0.109,-0.176254609,-0.112577961,938091.12,57459150
361,2013,ALXN,MYL,0.1084,-0.062968607,0.105943719,26172301.1,16127613.6
362,2013,UTHR,MRK,0.1045,-0.031603892,0.240799067,5697875.04,146242546.5
363,2013,VVUS,AMGN,0.1044,-0.179792127,-0.096542102,938091.12,86084768
364,2013,VVUS,PFE,0.1017,-0.166717146,0.015600083,938091.12,198515204.7
365,2013,MYL,BMRN,0.1006,0.105335741,-0.570077099,16127613.6,10092692.4
366,2013,IMGN,LLY,0.0991,-0.028053677,0.528076202,1256177.43,57459150
367,2013,REGN,UTHR,0.0985,0.068740257,0.031091604,26881864.1,5697875.04
368,2013,GILD,VVUS,0.0982,0.199262762,0.03019856,115234491.4,938091.12
369,2013,GILD,MYL,0.098,0.007536743,0.088317082,115234491.4,16127613.6
370,2013,PFE,AMGN,0.0966,-0.013074981,-0.112142185,198515204.7,86084768
371,2013,VRTX,MRK,0.0954,0.00560093,0.545536768,17370522.7,146242546.5
372,2013,REGN,GILD,0.0923,-0.014561336,0.254424963,26881864.1,115234491.4
373,2013,UTHR,PFE,0.0921,-0.050755977,0.269132002,5697875.04,198515204.7
374,2013,VRTX,MYL,0.092,-0.038560027,0.616388143,17370522.7,16127613.6
375,2013,VVUS,MRK,0.0911,-0.147565061,-0.012732853,938091.12,146242546.5
376,2013,VVUS,REGN,0.0854,-0.184701426,-0.284623524,938091.12,26881864.1
377,2013,MYL,PRGO,0.0852,0.064355887,0.046973127,16127613.6,20514380.68
378,2013,PFE,MRK,0.085,0.019152085,-0.028332935,198515204.7,146242546.5
379,2013,ALXN,PFE,0.0828,-0.037959734,0.063425279,26172301.1,198515204.7
380,2013,MYL,VVUS,0.0824,0.191726019,-0.058118522,16127613.6,938091.12
381,2013,PFE,GILD,0.0813,-0.032545616,-0.045798643,198515204.7,115234491.4
382,2013,IMGN,MRK,0.076,0.000635871,0.627921311,1256177.43,146242546.5
383,2013,REGN,LLY,0.0733,0.008446817,0.172045562,26881864.1,57459150
384,2013,PRGO,BMY,0.0729,-0.05204789,-0.172565467,20514380.68,87513760.45
385,2013,TECH,IDXX,0.0718,-0.049856478,0.030316013,3493417.67,5482203.43
386,2013,PRGO,UTHR,0.0712,0.011408963,-0.358623569,20514380.68,5697875.04
387,2013,AMGN,MYL,0.0701,-0.011933891,0.154660624,86084768,16127613.6
388,2013,BMRN,PFE,0.0691,-0.080326869,0.527558659,10092692.4,198515204.7
389,2013,PFE,VRTX,0.0687,0.013551154,-0.573869703,198515204.7,17370522.7
390,2013,PRGO,VVUS,0.0683,0.127370132,-0.105091649,20514380.68,938091.12
391,2013,BMRN,PRGO,0.0678,-0.040979855,0.617050225,10092692.4,20514380.68
392,2013,MRK,MYL,0.064,-0.044160957,0.070851375,146242546.5,16127613.6
393,2013,PRGO,MRK,0.0503,-0.020194929,-0.117824501,20514380.68,146242546.5
394,2013,PFE,IMGN,0.0474,0.018516213,-0.656254246,198515204.7,1256177.43
395,2013,PRGO,IMGN,0.0464,-0.020830801,-0.745745813,20514380.68,1256177.43
396,2013,LLY,PRGO,0.0451,0.048884477,0.21766961,57459150,20514380.68
397,2013,PRGO,ALXN,0.0439,-0.00138728,-0.152916846,20514380.68,26172301.1
398,2013,VRTX,PRGO,0.035,0.02579586,0.663361269,17370522.7,20514380.68
399,2013,PFE,REGN,0.031,-0.01798428,-0.300223606,198515204.7,26881864.1
400,2013,PRGO,GILD,0.0296,-0.07189263,-0.135290209,20514380.68,115234491.4
401,2013,MYL,REGN,0.0249,0.007024593,-0.342742046,16127613.6,26881864.1
402,2013,REGN,TECH,0.0241,0.018869201,0.339355243,26881864.1,3493417.67
403,2013,AMGN,PRGO,0.0221,0.052421995,0.201633751,86084768,20514380.68
404,2013,ALXN,TECH,0.0116,-0.037074813,0.102556917,26172301.1,3493417.67
405,2013,LLY,IDXX,0.008,-0.039434093,0.197625694,57459150,5482203.43
406,2014,UTHR,BMRN,0.2349,0.122402131,-0.406113672,6100015.391,13478097.6
407,2014,LLY,BMY,0.2173,0.022712902,-0.023420537,76815535.7,97917547.28
408,2014,ALXN,UTHR,0.2118,-0.034011471,-0.007251255,36831331.68,6100015.391
409,2014,ALXN,BMRN,0.2062,0.08839066,-0.413364927,36831331.68,13478097.6
410,2014,BMY,GILD,0.1801,-0.212727422,0.138540547,97917547.28,141295740
411,2014,VRTX,ALXN,0.179,-0.207159479,1.154687726,28721563.2,36831331.68
412,2014,BMY,PFE,0.1675,-0.013575032,0.042735436,97917547.28,196265465.5
413,2014,BMY,AMGN,0.1635,-0.044913668,0.04886282,97917547.28,121124108.4
414,2014,BMY,UTHR,0.1579,-0.076194786,0.058046489,97917547.28,6100015.391
415,2014,MRK,AMGN,0.1543,0.086912148,-0.016848625,161901077.7,121124108.4
416,2014,BMRN,VRTX,0.1541,0.118768818,-0.741322799,13478097.6,28721563.2
417,2014,BMY,MRK,0.1538,-0.131825816,0.065711445,97917547.28,161901077.7
418,2014,VRTX,UTHR,0.1536,-0.241170949,1.147436471,28721563.2,6100015.391
419,2014,AMGN,LLY,0.1491,0.022200766,-0.025442284,121124108.4,76815535.7
420,2014,ALXN,AMGN,0.1457,-0.002730353,-0.016434924,36831331.68,121124108.4
421,2014,AMGN,GILD,0.1448,-0.167813754,0.089677727,121124108.4,141295740
422,2014,MRK,BMRN,0.1406,0.178033161,-0.413778628,161901077.7,13478097.6
423,2014,LLY,MRK,0.1404,-0.109112914,0.042290908,76815535.7,161901077.7
424,2014,MYL,UTHR,0.1394,-0.015958585,-0.139134665,21151320.51,6100015.391
425,2014,LLY,BMRN,0.138,0.068920247,-0.371487719,76815535.7,13478097.6
426,2014,UTHR,GILD,0.137,-0.136532636,0.080494058,6100015.391,141295740
427,2014,BMY,BMRN,0.1353,0.046207345,-0.348067183,97917547.28,13478097.6
428,2014,VRTX,AMGN,0.1344,-0.209889832,1.138252802,28721563.2,121124108.4
429,2014,MYL,BMY,0.1338,0.0602362,-0.197181155,21151320.51,97917547.28
430,2014,PFE,MYL,0.132,-0.046661169,0.154445719,196265465.5,21151320.51
431,2014,LLY,PFE,0.1311,0.009137871,0.019314899,76815535.7,196265465.5
432,2014,AMGN,UTHR,0.1286,-0.031281118,0.009183669,121124108.4,6100015.391
433,2014,AMGN,BMRN,0.1282,0.091121013,-0.396930003,121124108.4,13478097.6
434,2014,BMY,ALXN,0.1249,-0.042183315,0.065297744,97917547.28,36831331.68
435,2014,AMGN,REGN,0.1239,0.014983312,-0.21234456,121124108.4,41212484.25
436,2014,VRTX,REGN,0.1234,-0.19490652,0.925908242,28721563.2,41212484.25
437,2014,MRK,REGN,0.1233,0.101895459,-0.229193185,161901077.7,41212484.25
438,2014,REGN,BMRN,0.1225,0.076137702,-0.184585443,41212484.25,13478097.6
439,2014,REGN,ALXN,0.121,-0.012252959,0.228779484,41212484.25,36831331.68
440,2014,REGN,UTHR,0.1205,-0.046264429,0.221528229,41212484.25,6100015.391
441,2014,BMRN,GILD,0.1199,-0.258934767,0.486607729,13478097.6,141295740
442,2014,ALXN,GILD,0.1192,-0.170544107,0.073242803,36831331.68,141295740
443,2014,VRTX,GILD,0.1172,-0.377703586,1.227930529,28721563.2,141295740
444,2014,GILD,MYL,0.1148,0.152491222,0.058640608,141295740,21151320.51
445,2014,ALXN,MYL,0.1147,-0.018052885,0.13188341,36831331.68,21151320.51
446,2014,UTHR,MRK,0.1141,-0.05563103,0.007664956,6100015.391,161901077.7
447,2014,AMGN,PFE,0.1136,0.031338637,-0.006127385,121124108.4,196265465.5
448,2014,LLY,UTHR,0.1133,-0.053481884,0.034625953,76815535.7,6100015.391
449,2014,BMRN,MYL,0.1106,-0.106443545,0.545248337,13478097.6,21151320.51
450,2014,LLY,MYL,0.1081,-0.037523298,0.173760618,76815535.7,21151320.51
451,2014,VRTX,BMY,0.104,-0.164976163,1.089389982,28721563.2,97917547.28
452,2014,PRGO,MYL,0.1032,-0.057901147,-0.031733022,23383845.24,21151320.51
453,2014,ALXN,MRK,0.1019,-0.089642501,0.000413701,36831331.68,161901077.7
454,2014,REGN,GILD,0.0998,-0.182797066,0.302022287,41212484.25,141295740
455,2014,ALXN,PRGO,0.0987,0.039848262,0.163616433,36831331.68,23383845.24
456,2014,LLY,VRTX,0.0985,0.187689066,-1.112810519,76815535.7,28721563.2
457,2014,BMRN,PFE,0.0983,-0.059782377,0.390802618,13478097.6,196265465.5
458,2014,PFE,MRK,0.0962,-0.118250784,0.022976009,196265465.5,161901077.7
459,2014,PFE,ALXN,0.0954,-0.028608284,0.022562308,196265465.5,36831331.68
460,2014,REGN,BMY,0.0949,0.029930357,0.16348174,41212484.25,97917547.28
461,2014,GILD,LLY,0.094,0.19001452,-0.11512001,141295740,76815535.7
462,2014,PRGO,BMY,0.0926,0.002335053,-0.228914177,23383845.24,97917547.28
463,2014,VRTX,MYL,0.0923,-0.225212364,1.286571137,28721563.2,21151320.51
464,2014,UTHR,PFE,0.0911,0.062619754,-0.015311054,6100015.391,196265465.5
465,2014,PRGO,BMRN,0.0872,0.048542398,-0.576981359,23383845.24,13478097.6
466,2014,UTHR,PRGO,0.0823,0.073859733,0.170867687,6100015.391,23383845.24
467,2014,MRK,VRTX,0.0819,0.296801979,-1.155101427,161901077.7,28721563.2
468,2014,LLY,REGN,0.0808,-0.007217454,-0.186902277,76815535.7,41212484.25
469,2014,PFE,PRGO,0.0756,0.011239979,0.186178741,196265465.5,23383845.24
470,2014,MYL,MRK,0.0708,-0.071589615,-0.131469709,21151320.51,161901077.7
471,2014,AMGN,MYL,0.0707,-0.015322532,0.148318334,121124108.4,21151320.51
472,2014,VRTX,PFE,0.0668,-0.178551195,1.132125418,28721563.2,196265465.5
473,2014,LLY,PRGO,0.0667,0.020377849,0.20549364,76815535.7,23383845.24
474,2014,MRK,PRGO,0.0646,0.129490763,0.163202732,161901077.7,23383845.24
475,2014,NEOG,IDXX,0.0634,,,1832747.22,7023994.71
476,2014,PRGO,GILD,0.0582,-0.210392369,-0.09037363,23383845.24,141295740
477,2014,VRTX,PRGO,0.0578,-0.167311217,1.318304159,28721563.2,23383845.24
478,2014,AMGN,PRGO,0.0495,0.042578615,0.180051356,121124108.4,23383845.24
479,2014,REGN,PFE,0.0468,0.016355325,0.206217176,41212484.25,196265465.5
480,2014,IART,ALXN,0.0402,-0.024197878,-0.165310194,1775544.43,36831331.68
481,2014,REGN,MYL,0.037,-0.030305844,0.360662895,41212484.25,21151320.51
482,2014,TECH,IDXX,0.0356,-0.180903232,0.023178102,3428964,7023994.71
483,2014,UTHR,IART,0.0169,0.058209348,0.172561449,6100015.391,1775544.43
484,2014,NEOG,TECH,0.0138,,,1832747.22,3428964
485,2014,NEOG,LLY,0.0109,,,1832747.22,76815535.7
486,2014,IART,BMRN,0.0107,0.064192782,-0.578675121,1775544.43,13478097.6
487,2014,LLY,IART,0.0093,0.004727465,0.207187402,76815535.7,1775544.43
488,2014,IART,REGN,0.0059,-0.011944919,-0.394089678,1775544.43,41212484.25
489,2014,LLY,IDXX,0.0058,-0.192360808,0.188138431,76815535.7,7023994.71
490,2014,REGN,PRGO,0.0038,0.027595304,0.392395917,41212484.25,23383845.24
491,2015,ALXN,BMRN,0.238,-0.016349072,-1.284817093,43042165.25,16921463.76
492,2015,LLY,BMY,0.1935,0.042774444,-0.133150636,93366568.02,114761393.9
493,2015,ALXN,VRTX,0.1765,0.075908221,-0.483277048,43042165.25,30992809.81
494,2015,BMY,GILD,0.1744,-0.254370889,0.342396662,114761393.9,143892180
495,2015,MRK,AMGN,0.1681,-0.040879443,-0.023636033,147554941.3,122396820
496,2015,BMRN,VRTX,0.1651,0.092257293,0.801540045,16921463.76,30992809.81
497,2015,AMGN,ALXN,0.1547,0.058821233,-0.072806589,122396820,43042165.25
498,2015,BMY,AMGN,0.1507,-0.072422532,0.234456684,114761393.9,122396820
499,2015,PFE,BMY,0.1466,0.008998099,-0.263483791,199280676.8,114761393.9
500,2015,MRK,BMY,0.1465,0.03154309,-0.258092717,147554941.3,114761393.9
501,2015,GILD,AMGN,0.1464,0.181948357,-0.107939978,143892180,122396820
502,2015,REGN,AMGN,0.1423,-0.019820874,0.218546044,55771749.45,122396820
503,2015,BMY,MYL,0.1367,-0.030173776,0.356215094,114761393.9,27486106.01
504,2015,LLY,MRK,0.1334,0.011231354,0.124942081,93366568.02,147554941.3
505,2015,LLY,BMRN,0.1307,0.012824073,-1.256317634,93366568.02,16921463.76
506,2015,AMGN,VRTX,0.1286,0.134729455,-0.556083637,122396820,30992809.81
507,2015,MYL,PRGO,0.1267,,,27486106.01,21184369.4
508,2015,AMGN,LLY,0.1263,0.029648089,-0.101306048,122396820,93366568.02
509,2015,ALXN,GILD,0.1252,-0.24076959,0.180746567,43042165.25,143892180
510,2015,BMY,BMRN,0.1239,-0.029950371,-1.123166998,114761393.9,16921463.76
511,2015,MRK,REGN,0.1235,-0.021058569,-0.242182077,147554941.3,55771749.45
512,2015,AMGN,BMRN,0.1215,0.042472162,-1.357623682,122396820,16921463.76
513,2015,GILD,BMRN,0.1208,0.224420518,-1.46556366,143892180,16921463.76
514,2015,MYL,BMRN,0.1202,0.000223405,-1.479382092,27486106.01,16921463.76
515,2015,MRK,GILD,0.1186,-0.222827799,0.084303946,147554941.3,143892180
516,2015,PFE,MYL,0.1182,-0.021175677,0.092731302,199280676.8,27486106.01
517,2015,BMRN,MRK,0.1111,-0.001592719,1.381259714,16921463.76,147554941.3
518,2015,MYL,GILD,0.1103,-0.224197113,-0.013818432,27486106.01,143892180
519,2015,ALXN,REGN,0.1102,-0.03900036,-0.145739455,43042165.25,55771749.45
520,2015,UTHR,REGN,0.1098,0.043509559,-0.242982039,7166630.21,55771749.45
521,2015,REGN,VRTX,0.1088,0.114908581,-0.337537593,55771749.45,30992809.81
522,2015,GILD,LLY,0.108,0.211596445,-0.209246026,143892180,93366568.02
523,2015,BMRN,PFE,0.1079,0.020952272,1.386650789,16921463.76,199280676.8
524,2015,PFE,LLY,0.1064,-0.033776345,-0.130333156,199280676.8,93366568.02
525,2015,REGN,GILD,0.1057,-0.20176923,0.326486022,55771749.45,143892180
526,2015,PFE,MRK,0.1029,-0.022544991,-0.005391075,199280676.8,147554941.3
527,2015,LLY,VRTX,0.1028,0.105081366,-0.454777589,93366568.02,30992809.81
528,2015,ALXN,LLY,0.1027,-0.029173145,-0.028499459,43042165.25,93366568.02
529,2015,GILD,UTHR,0.102,0.158259671,-0.083503983,143892180,7166630.21
530,2015,GILD,VRTX,0.1019,0.316677811,-0.664023615,143892180,30992809.81
531,2015,PFE,GILD,0.1014,-0.24537279,0.078912871,199280676.8,143892180
532,2015,PFE,AMGN,0.1011,-0.063424433,-0.029027108,199280676.8,122396820
533,2015,BMRN,REGN,0.0984,-0.022651288,1.139077638,16921463.76,55771749.45
534,2015,UTHR,MRK,0.0983,0.064568129,-0.000799963,7166630.21,147554941.3
535,2015,MRK,ALXN,0.0948,0.017941791,-0.096442622,147554941.3,43042165.25
536,2015,MYL,LLY,0.0933,-0.012600668,-0.223064458,27486106.01,93366568.02
537,2015,PRGO,PFE,0.0919,,,21184369.4,199280676.8
538,2015,VRTX,MYL,0.0916,-0.092480698,0.677842047,30992809.81,27486106.01
539,2015,BMRN,UTHR,0.0908,-0.066160847,1.382059677,16921463.76,7166630.21
540,2015,BMY,REGN,0.0891,-0.052601659,0.01591064,114761393.9,55771749.45
541,2015,VRTX,BMY,0.0853,-0.062306922,0.321626953,30992809.81,114761393.9
542,2015,ALXN,PRGO,0.0812,,,43042165.25,21184369.4
543,2015,VRTX,MRK,0.0809,-0.093850012,0.57971967,30992809.81,147554941.3
544,2015,UTHR,MYL,0.0808,0.065937443,0.097322414,7166630.21,27486106.01
545,2015,REGN,LLY,0.0806,0.009827215,0.117239996,55771749.45,93366568.02
546,2015,VRTX,PFE,0.0766,-0.071305021,0.585110745,30992809.81,199280676.8
547,2015,MRK,MYL,0.074,0.001369314,0.098122377,147554941.3,27486106.01
548,2015,BMRN,PRGO,0.0723,,,16921463.76,21184369.4
549,2015,AMGN,MYL,0.07,0.042248757,0.12175841,122396820,27486106.01
550,2015,UTHR,AMGN,0.0666,0.023688686,-0.024435996,7166630.21,122396820
551,2015,IDXX,NEOG,0.0652,,,6562435.4,2116334.88
552,2015,PRGO,LLY,0.0586,,,21184369.4,93366568.02
553,2015,PRGO,GILD,0.0542,,,21184369.4,143892180
554,2015,UTHR,LLY,0.0528,0.053336774,-0.125742044,7166630.21,93366568.02
555,2015,UTHR,VRTX,0.0426,0.15841814,-0.580519632,7166630.21,30992809.81
556,2015,PRGO,VRTX,0.0424,,,21184369.4,30992809.81
557,2015,TECH,VRTX,0.0414,0.100365802,-0.661472144,3347190,30992809.81
558,2015,REGN,MYL,0.0405,0.022427883,0.340304454,55771749.45,27486106.01
559,2015,MRK,PRGO,0.0394,,,147554941.3,21184369.4
560,2015,TECH,IDXX,0.0373,0.546533623,0.028186603,3347190,6562435.4
561,2015,IART,ALXN,0.0348,0.008626363,-0.212042678,2503928.76,43042165.25
562,2015,NEOG,TECH,0.0331,,,2116334.88,3347190
563,2015,AMGN,PRGO,0.0319,,,122396820,21184369.4
564,2015,UTHR,PFE,0.0311,0.087113119,0.004591112,7166630.21,199280676.8
565,2015,PFE,REGN,0.0303,-0.04360356,-0.247573152,199280676.8,55771749.45
566,2015,ALXN,TECH,0.0272,-0.024457581,0.178195096,43042165.25,3347190
567,2015,PRGO,UTHR,0.0221,,,21184369.4,7166630.21
568,2015,PFE,IART,0.0083,-0.013229563,0.110208981,199280676.8,2503928.76
569,2015,TECH,REGN,0.0065,-0.014542779,-0.323934551,3347190,55771749.45
570,2015,AMGN,TECH,0.0013,0.034363652,0.105388507,122396820,3347190
571,2015,IART,MRK,0.0009,-0.009315428,-0.115600056,2503928.76,147554941.3
572,2015,LLY,IART,0.0005,0.020546782,0.240542137,93366568.02,2503928.76
573,2016,ALXN,BMRN,0.2395,0.043495576,-0.353717231,27406400,14302160.32
574,2016,UTHR,BMRN,0.2272,0.095119217,-0.442898441,6162612.95,14302160.32
575,2016,BMY,LLY,0.1916,0.002539262,0.008506838,97666681.2,81195375.4
576,2016,BMY,GILD,0.1819,-0.107087292,0.099655015,97666681.2,93809100
577,2016,ALXN,VRTX,0.1812,-0.008016782,-0.305721784,27406400,18292334.67
578,2016,ALXN,UTHR,0.1794,-0.051623641,0.08918121,27406400,6162612.95
579,2016,VRTX,BMRN,0.1696,0.051512358,-0.047995448,18292334.67,14302160.32
580,2016,ALXN,AMGN,0.1659,-0.054106507,0.067730539,27406400,107932229.4
581,2016,BMY,UTHR,0.1578,-0.005489396,0.105627329,97666681.2,6162612.95
582,2016,UTHR,VRTX,0.1541,0.043606859,-0.394902993,6162612.95,18292334.67
583,2016,BMY,PFE,0.1489,0.042936595,0.078026326,97666681.2,197100170.4
584,2016,MYL,BMY,0.1467,-0.02380782,-0.189801294,20446339.9,97666681.2
585,2016,AMGN,MRK,0.1466,0.073352951,-0.250452394,107932229.4,162312714.1
586,2016,REGN,AMGN,0.1439,-0.007828566,0.216584358,38212967.73,107932229.4
587,2016,MRK,BMY,0.142,-0.065380689,0.166275735,162312714.1,97666681.2
588,2016,AMGN,GILD,0.1388,-0.09911503,0.015478356,107932229.4,93809100
589,2016,BMY,AMGN,0.1364,-0.007972262,0.084176659,97666681.2,107932229.4
590,2016,MRK,LLY,0.1355,-0.062841426,0.174782573,162312714.1,81195375.4
591,2016,UTHR,GILD,0.135,-0.101597896,-0.005972315,6162612.95,93809100
592,2016,BMRN,LLY,0.1314,-0.087090558,0.34577795,14302160.32,81195375.4
593,2016,AMGN,BMRN,0.1299,0.097602083,-0.421447771,107932229.4,14302160.32
594,2016,AMGN,LLY,0.1293,0.010511524,-0.075669821,107932229.4,81195375.4
595,2016,MYL,BMRN,0.1286,0.065822001,-0.527072406,20446339.9,14302160.32
596,2016,ALXN,GILD,0.128,-0.153221537,0.083208895,27406400,93809100
597,2016,UTHR,MYL,0.1279,0.029297216,0.084173964,6162612.95,20446339.9
598,2016,AMGN,PFE,0.1271,0.050908857,-0.006150333,107932229.4,197100170.4
599,2016,BMRN,BMY,0.1267,-0.089629821,0.337271112,14302160.32,97666681.2
600,2016,AMGN,UTHR,0.1262,0.002482866,0.02145067,107932229.4,6162612.95
601,2016,VRTX,AMGN,0.1241,-0.046089725,0.373452323,18292334.67,107932229.4
602,2016,GILD,BMRN,0.1199,0.196717113,-0.436926126,93809100,14302160.32
603,2016,LLY,UTHR,0.1182,-0.008028659,0.097120491,81195375.4,6162612.95
604,2016,REGN,MRK,0.1181,0.065524385,-0.033868036,38212967.73,162312714.1
605,2016,REGN,UTHR,0.1162,-0.0053457,0.238035029,38212967.73,6162612.95
606,2016,PFE,UTHR,0.116,-0.048425991,0.027601004,197100170.4,6162612.95
607,2016,LLY,GILD,0.1148,-0.109626554,0.091148176,81195375.4,93809100
608,2016,PRGO,MYL,0.1147,-0.258059071,-0.039583741,11933018.02,20446339.9
609,2016,REGN,GILD,0.1129,-0.106943596,0.232062714,38212967.73,93809100
610,2016,REGN,VRTX,0.1124,0.038261159,-0.156867965,38212967.73,18292334.67
611,2016,PFE,MRK,0.1119,0.022444094,-0.244302061,197100170.4,162312714.1
612,2016,MRK,BMRN,0.1118,0.024249132,-0.170995377,162312714.1,14302160.32
613,2016,PFE,LLY,0.1116,-0.040397333,-0.069519488,197100170.4,81195375.4
614,2016,UTHR,MRK,0.1081,0.070870085,-0.271903064,6162612.95,162312714.1
615,2016,PFE,GILD,0.1068,-0.150023887,0.021628689,197100170.4,93809100
616,2016,LLY,ALXN,0.1056,0.043594983,0.007939281,81195375.4,27406400
617,2016,BMY,ALXN,0.105,0.046134245,0.01644612,97666681.2,27406400
618,2016,MYL,PFE,0.1047,0.019128775,-0.111774968,20446339.9,197100170.4
619,2016,GILD,MRK,0.1034,0.172467981,-0.26593075,93809100,162312714.1
620,2016,REGN,BMRN,0.1025,0.089773517,-0.204863412,38212967.73,14302160.32
621,2016,MYL,LLY,0.1021,-0.021268558,-0.181294456,20446339.9,81195375.4
622,2016,REGN,ALXN,0.102,0.046277941,0.148853819,38212967.73,27406400
623,2016,BMRN,PFE,0.1012,-0.046693226,0.415297438,14302160.32,197100170.4
624,2016,MYL,VRTX,0.099,0.014309643,-0.479076958,20446339.9,18292334.67
625,2016,ALXN,MYL,0.0968,-0.022326425,0.173355174,27406400,20446339.9
626,2016,VRTX,GILD,0.0944,-0.145204755,0.388930679,18292334.67,93809100
627,2016,PFE,ALXN,0.0937,0.00319765,-0.061580206,197100170.4,27406400
628,2016,REGN,LLY,0.0914,0.002682959,0.140914538,38212967.73,81195375.4
629,2016,MRK,ALXN,0.0893,-0.019246444,0.182721855,162312714.1,27406400
630,2016,LLY,VRTX,0.0877,0.035578201,-0.297782502,81195375.4,18292334.67
631,2016,BMY,REGN,0.0831,-0.000143696,-0.132407699,97666681.2,38212967.73
632,2016,BMY,VRTX,0.0821,0.038117463,-0.289275664,97666681.2,18292334.67
633,2016,AMGN,MYL,0.0785,0.031780082,0.105624635,107932229.4,20446339.9
634,2016,BMRN,PRGO,0.0784,0.192237071,0.566656146,14302160.32,11933018.02
635,2016,PRGO,PFE,0.0769,-0.238930296,-0.151358709,11933018.02,197100170.4
636,2016,UTHR,PRGO,0.074,0.287356288,0.123757705,6162612.95,11933018.02
637,2016,IDXX,NEOG,0.0727,,,10316710.98,2506086
638,2016,ALXN,PRGO,0.0709,0.235732646,0.212938915,27406400,11933018.02
639,2016,LLY,PRGO,0.0697,0.279327629,0.220878196,81195375.4,11933018.02
640,2016,MYL,MRK,0.0686,0.041572869,-0.356077029,20446339.9,162312714.1
641,2016,VRTX,PFE,0.0677,0.004819132,0.36730199,18292334.67,197100170.4
642,2016,MRK,VRTX,0.0671,-0.027263226,-0.122999929,162312714.1,18292334.67
643,2016,BMY,PRGO,0.0544,0.281866891,0.229385035,97666681.2,11933018.02
644,2016,IDXX,TECH,0.0524,-0.424667769,-0.043003734,10316710.98,3836587.3
645,2016,REGN,PFE,0.048,0.043080291,0.210434025,38212967.73,197100170.4
646,2016,MYL,REGN,0.0446,-0.023951516,-0.322208993,20446339.9,38212967.73
647,2016,PRGO,GILD,0.0433,-0.388954183,-0.12973002,11933018.02,93809100
648,2016,MRK,PRGO,0.0419,0.216486203,0.39566077,162312714.1,11933018.02
649,2016,AMGN,PRGO,0.041,0.289839153,0.145208376,107932229.4,11933018.02
650,2016,PRGO,VRTX,0.035,-0.243749428,-0.518660699,11933018.02,18292334.67
651,2016,UTHR,IART,0.0343,0.029692864,0.103153883,6162612.95,3205114.4
652,2016,TECH,NEOG,0.033,,,3836587.3,2506086
653,2016,REGN,PRGO,0.0249,0.282010588,0.361792734,38212967.73,11933018.02
654,2016,ALXN,IART,0.0227,-0.021930778,0.192335093,27406400,3205114.4
655,2016,LLY,IDXX,0.0031,0.469234612,0.197894217,81195375.4,10316710.98
656,2016,IART,LLY,0.002,-0.021664205,-0.200274374,3205114.4,81195375.4
657,2016,BMRN,IART,0.001,-0.065426353,0.546052324,14302160.32,3205114.4
658,2017,BMRN,ALXN,0.2289,-0.021032749,0.198727641,15680009.48,26584857
659,2017,UTHR,BMRN,0.205,0.036764139,-0.251469906,6397358,15680009.48
660,2017,ALXN,VRTX,0.1993,-0.035415059,-0.239053506,26584857,37952494.58
661,2017,BMY,LLY,0.1815,-0.04727277,0.098749262,100296976,92998483.7
662,2017,ALXN,UTHR,0.1783,-0.01573139,0.052742266,26584857,6397358
663,2017,AMGN,REGN,0.1657,-0.177593527,-0.152369165,125590572.8,39743858.42
664,2017,MYL,TEVA,0.1647,0.571197692,-0.250158514,21807420.2,17454011.2
665,2017,AMGN,ALXN,0.1611,-0.149754062,-0.10221225,125590572.8,26584857
666,2017,UTHR,TEVA,0.1609,0.573629302,-0.097014315,6397358,17454011.2
667,2017,BMY,PFE,0.1573,-0.329960864,0.184331622,100296976,215896807.5
668,2017,TEVA,PFE,0.1522,-0.712725517,0.163807983,17454011.2,215896807.5
669,2017,UTHR,VRTX,0.1511,-0.019683669,-0.291795772,6397358,37952494.58
670,2017,TEVA,BMRN,0.1494,-0.536865163,-0.154455592,17454011.2,15680009.48
671,2017,VRTX,BMRN,0.147,0.056447808,0.040325866,37952494.58,15680009.48
672,2017,UTHR,BMY,0.1464,0.190864648,-0.117537954,6397358,100296976
673,2017,REGN,VRTX,0.145,-0.007575594,-0.188896591,39743858.42,37952494.58
674,2017,TEVA,BMY,0.1441,-0.382764653,-0.020523639,17454011.2,100296976
675,2017,REGN,ALXN,0.1421,0.027839465,0.050156915,39743858.42,26584857
676,2017,MRK,BMY,0.1403,0.144207643,-0.110204886,153304070,100296976
677,2017,BMY,MYL,0.1382,-0.188433038,0.270682153,100296976,21807420.2
678,2017,GILD,AMGN,0.1381,-0.012940787,0.002923267,93705120,125590572.8
679,2017,LLY,AMGN,0.135,0.021893574,0.068258676,92998483.7,125590572.8
680,2017,BMY,AMGN,0.1342,-0.025379196,0.167007938,100296976,125590572.8
681,2017,PFE,AMGN,0.1321,0.304581668,-0.017323684,215896807.5,125590572.8
682,2017,MRK,LLY,0.1298,0.096934872,-0.011455625,153304070,92998483.7
683,2017,MRK,AMGN,0.1284,0.118828447,0.056803051,153304070,125590572.8
684,2017,UTHR,REGN,0.1269,-0.012108075,-0.102899181,6397358,39743858.42
685,2017,MYL,PRGO,0.1258,0.006113819,0.043420572,21807420.2,12275701.56
686,2017,REGN,GILD,0.1248,0.190534314,0.149445898,39743858.42,93705120
687,2017,PFE,MYL,0.1242,0.141527825,0.086350531,215896807.5,21807420.2
688,2017,AMGN,BMRN,0.124,-0.128721314,-0.30093989,125590572.8,15680009.48
689,2017,UTHR,MYL,0.1235,0.00243161,0.153144199,6397358,21807420.2
690,2017,GILD,BMY,0.1232,0.012438409,-0.164084671,93705120,100296976
691,2017,BMRN,BMY,0.1227,0.154100509,0.133931952,15680009.48,100296976
692,2017,REGN,BMRN,0.1225,0.048872214,-0.148570725,39743858.42,15680009.48
693,2017,UTHR,AMGN,0.121,0.165485452,0.049469984,6397358,125590572.8
694,2017,MRK,GILD,0.1199,0.131769234,0.053879784,153304070,93705120
695,2017,MRK,REGN,0.1192,-0.05876508,-0.095566113,153304070,39743858.42
696,2017,BMRN,LLY,0.1187,0.106827739,0.232681214,15680009.48,92998483.7
697,2017,AMGN,TEVA,0.1186,0.408143849,-0.146484299,125590572.8,17454011.2
698,2017,VRTX,AMGN,0.1178,0.185169122,0.341265756,37952494.58,125590572.8
699,2017,BMY,ALXN,0.1174,-0.175133258,0.064795688,100296976,26584857
700,2017,GILD,ALXN,0.1154,-0.162694849,-0.099288982,93705120,26584857
701,2017,BMRN,MRK,0.1148,0.009892867,0.244136839,15680009.48,153304070
702,2017,ALXN,LLY,0.1147,0.127860488,0.033953574,26584857,92998483.7
703,2017,PFE,LLY,0.1141,0.282688093,-0.08558236,215896807.5,92998483.7
704,2017,PFE,BMRN,0.1114,0.175860354,-0.318263574,215896807.5,15680009.48
705,2017,TEVA,LLY,0.1104,-0.430037424,0.078225623,17454011.2,92998483.7
706,2017,LLY,UTHR,0.1103,-0.143591878,0.018788692,92998483.7,6397358
707,2017,MRK,PFE,0.1095,-0.185753221,0.074126735,153304070,215896807.5
708,2017,PFE,GILD,0.1061,0.317522454,-0.020246951,215896807.5,93705120
709,2017,LLY,REGN,0.1059,-0.155699953,-0.084110489,92998483.7,39743858.42
710,2017,MRK,TEVA,0.1031,0.526972296,-0.089681247,153304070,17454011.2
711,2017,UTHR,GILD,0.1023,0.178426239,0.046546717,6397358,93705120
712,2017,UTHR,PFE,0.1008,-0.139096215,0.066793668,6397358,215896807.5
713,2017,BMY,REGN,0.1005,-0.202972723,0.014638773,100296976,39743858.42
714,2017,GILD,LLY,0.0986,-0.034834361,-0.065335409,93705120,92998483.7
715,2017,PFE,ALXN,0.0981,0.154827605,-0.119535934,215896807.5,26584857
716,2017,TEVA,REGN,0.098,-0.585737377,-0.005884866,17454011.2,39743858.42
717,2017,TEVA,ALXN,0.097,-0.557897912,0.044272049,17454011.2,26584857
718,2017,BMRN,GILD,0.096,0.1416621,0.298016623,15680009.48,93705120
719,2017,LLY,MYL,0.0956,-0.141160268,0.171932891,92998483.7,21807420.2
720,2017,MYL,ALXN,0.0953,0.01329978,-0.205886465,21807420.2,26584857
721,2017,MRK,ALXN,0.0952,-0.030925615,-0.045409198,153304070,26584857
722,2017,LLY,VRTX,0.0949,-0.163275547,-0.27300708,92998483.7,37952494.58
723,2017,GILD,VRTX,0.0934,-0.198109908,-0.338342489,93705120,37952494.58
724,2017,TEVA,PRGO,0.0928,-0.565083873,0.293579086,17454011.2,12275701.56
725,2017,VRTX,MRK,0.0884,0.066340675,0.284462704,37952494.58,153304070
726,2017,VRTX,TEVA,0.0874,0.593312971,0.194781457,37952494.58,17454011.2
727,2017,MRK,MYL,0.0868,-0.044225396,0.160477267,153304070,21807420.2
728,2017,GILD,MYL,0.0864,-0.175994629,0.106597482,93705120,21807420.2
729,2017,VRTX,BMY,0.0835,0.210548317,0.174257818,37952494.58,100296976
730,2017,PFE,REGN,0.0828,0.12698814,-0.169692849,215896807.5,39743858.42
731,2017,MYL,VRTX,0.0824,-0.022115279,-0.444939971,21807420.2,37952494.58
732,2017,GILD,TEVA,0.0819,0.395203063,-0.143561031,93705120,17454011.2
733,2017,AMGN,MYL,0.081,-0.163053843,0.103674215,125590572.8,21807420.2
734,2017,PRGO,ALXN,0.0763,0.007185961,-0.249307037,12275701.56,26584857
735,2017,PRGO,PFE,0.0755,-0.147641644,-0.129771103,12275701.56,215896807.5
736,2017,NEOG,IDXX,0.0722,,,4235705.83,13621323.52
737,2017,BMRN,PRGO,0.0671,-0.02821871,0.448034677,15680009.48,12275701.56
738,2017,LLY,PRGO,0.0626,-0.135046449,0.215353463,92998483.7,12275701.56
739,2017,REGN,MYL,0.0592,0.014539685,0.25604338,39743858.42,21807420.2
740,2017,BMY,PRGO,0.0586,-0.182319219,0.314102725,100296976,12275701.56
741,2017,PFE,VRTX,0.0486,0.119412546,-0.35858944,215896807.5,37952494.58
742,2017,MRK,PRGO,0.0389,-0.038111576,0.203897838,153304070,12275701.56
743,2017,PRGO,AMGN,0.038,0.156940023,-0.147094787,12275701.56,125590572.8
744,2017,GILD,PRGO,0.0378,-0.16988081,0.150018054,93705120,12275701.56
745,2017,REGN,PRGO,0.0306,0.020653504,0.299463952,39743858.42,12275701.56
746,2017,IART,ALXN,0.0268,0.037876487,-0.238044479,3751936.84,26584857
747,2017,PRGO,VRTX,0.0254,-0.028229098,-0.488360543,12275701.56,37952494.58
748,2017,IART,UTHR,0.0168,0.022145097,-0.185302214,3751936.84,6397358
749,2017,TECH,NEOG,0.015,,,4854238.5,4235705.83
750,2017,REGN,IART,0.0121,-0.010037022,0.288201395,39743858.42,3751936.84
751,2017,TECH,IDXX,0.0074,0.826261616,0.033723608,4854238.5,13621323.52
752,2017,LLY,IDXX,0.004,0.656607653,0.194644117,92998483.7,13621323.52
753,2017,IDXX,AMGN,0.0011,-0.634714079,-0.126385441,13621323.52,125590572.8
