,datadate,gvkey1,real roe,prccq,real rd,roe,rd/rev,p/e,epsfxq
0,2006,ALXN,-0.3148134780272224,39.76871229741534,92.25531914893618,-0.6261587843236843,90.94777473417786,-33.890407412474424,-1.173247703627762
1,2007,ALXN,-0.12143054078537946,73.83893287122974,0.46203148536491717,-0.13167588220663698,0.5107773135172706,-215.87459085892306,-0.35419532477036286
2,2008,ALXN,0.06208881745418036,36.82125389328713,0.19735397098153723,0.06619739061617257,0.19801635473662568,217.34060923935633,0.174105580467523
3,2009,ALXN,0.34448308723974225,48.354166125389334,0.2098075897658361,0.3161112557268154,0.20954139750837097,32.968124735566064,2.3589714105580466
4,2010,ALXN,0.030765258172276135,78.80187841661254,0.1742394614521558,0.031083144634136552,0.17469257028777976,280.35438827210083,0.28160289714105585
5,2011,ALXN,0.042459532548488665,70.63536218784166,0.1511607978590168,0.04416122326030674,0.15408548905354486,277.0537799766423,0.2575001602897141
6,2012,ALXN,0.04108430372681838,95.6463375362188,0.19782794531488865,0.04163117994903056,0.2048371749033526,238.65367929104113,0.403252750016029
7,2013,ALXN,-0.00797286739860433,130.9726506337536,0.19412367704663178,-0.0031613077054632437,0.19642399947753655,-1171.756971840166,-0.04297067472499835
8,2014,ALXN,0.04643584620071725,183.00706426506338,0.2153714243772895,0.04748692232016495,0.21210249713826365,237.82375139005174,0.7713767029325276
9,2015,ALXN,0.00806478954827298,187.55130070642653,0.2725695460051622,0.005461618086456373,0.269893838036827,576.936630955668,0.19605213767029317
10,2016,ALXN,0.010632160110420981,122.33849313007066,0.24762500902809542,0.010709953649186258,0.2472980662825891,297.1777576825552,0.41195860521376704
11,2017,ALXN,0.003407135869381881,121.47347984931302,0.29161630590045046,0.004036977365165045,0.2854064270942198,865.6805875309993,0.1557861958605214
12,2018,ALXN,-0.004909822919053387,101.36471134798494,0.518160878809355,-0.0016156082182601538,0.49028514946602914,-429.9772914222311,-0.06513542138041387
13,1982,AMGN,,,,,,,
14,1983,AMGN,-0.020777551676127236,,,,,,
15,1984,AMGN,-0.04913287459055938,,,,,,
16,1985,AMGN,0.0022237337798241942,,,,,,
17,1986,AMGN,0.0016323395266215374,,,,,,
18,1987,AMGN,0.0021633948657893923,,,,,,
19,1988,AMGN,0.0010494610395000534,,,,,,
20,1989,AMGN,0.044416102299055425,,0.3673175808031342,,,,
21,1990,AMGN,-0.09407399690139236,,0.25561865503102593,,,,
22,1991,AMGN,0.11289007709759105,,0.16178963205606764,,,,
23,1992,AMGN,0.14329058016647175,69.82155896178563,0.1730696217935197,0.14023743533980337,,,0.8778352189862679
24,1993,AMGN,0.0777281957645774,48.39570715589618,0.19570491238338528,0.07936493736984013,,74.97661131621675,0.6476827835218987
25,1994,AMGN,0.0037549732796572266,58.31763957071559,0.19887957079568086,0.011987077518776795,,1776.405305310799,0.10838876827835225
26,1995,AMGN,0.08709175738724727,58.71665226395708,0.24148003894839337,0.08767501455535226,,114.57497041094479,0.5144328388768279
27,1996,AMGN,0.0862528468285119,55.162934165226396,0.24212299915754,0.08698468791888089,,86.21520290145287,0.6398704432838878
28,1997,AMGN,0.0839994390688543,53.60575879341653,0.2721279050601615,0.07982805968120853,,87.43496683388966,0.6380289870443284
29,1998,AMGN,0.09312309733822496,101.55539807587934,0.2548344370860927,0.09326619730460707,0.2530084678611928,113.55946357383156,0.8927828028987045
30,1999,AMGN,0.09313709277327602,62.0166680398076,0.2614089977343835,0.09379197824232834,0.2587259154721615,222.26046864344292,0.28940327828028994
31,2000,AMGN,0.048858500405609,64.52196816680399,0.2938826991801556,0.053009959230123804,0.285958419136569,324.4070811391405,0.20347394032782806
32,2001,AMGN,0.031242812236448664,56.69204094681668,0.2068842835542115,0.034572651755100325,0.2077959863955656,358.3173005295425,0.16497234739403283
33,2002,AMGN,0.024958985015859126,47.69530120409468,0.20780250268954195,0.010034173897790613,0.3872642473764261,127.36725713916397,0.12072449723473924
34,2003,AMGN,0.0281601518378883,62.067824530120404,0.21436487638533674,0.028490721563424366,0.2114949219719754,149.73158683892365,0.41479507244972347
35,2004,AMGN,0.03496574473483887,63.39757178245303,0.2121003781368168,0.0329215532048069,0.2277364925296251,138.31621123255147,0.498839479507245
36,2005,AMGN,0.04029142829201506,78.74716875717826,0.2020788749617854,0.04101806594700832,0.1997057706383496,117.6040510827319,0.6713328839479508
37,2006,AMGN,0.043925332208394854,68.57711971687573,0.3079530638852673,0.04519293569940238,0.30380580668574736,152.237365832431,0.7244951332883948
38,2007,AMGN,0.04672897196261682,47.44205971197169,0.21949265687583444,0.043738273803728175,0.23379984352048155,83.9013627063481,0.7092184495133289
39,2008,AMGN,0.045374276464240165,57.776086205971204,0.21274326846174355,0.046420295105680305,0.21053118855062528,65.37257057815718,0.8860399218449514
40,2009,AMGN,0.04107292539815591,56.8605056086206,0.23391966395379366,0.04300806704099505,0.22767618926859953,59.75920902291199,0.9626206039921846
41,2010,AMGN,0.042682926829268296,54.90283980056087,0.2223379328299922,0.043554176800735235,0.21884331717850128,50.05525656708873,1.0996082620603995
42,2011,AMGN,0.04908297861159283,63.31414528398005,0.21419582179713062,0.04636547625971504,0.21220431358975284,63.866346358990036,1.0294399608262061
43,2012,AMGN,0.041343126967471146,85.88979441452841,0.2121691924903868,0.04286817350706752,0.21113519511264636,82.64738512539171,1.0518249439960827
44,2013,AMGN,0.046207458363504705,113.73403797944145,0.24925164637796848,0.04787340750658627,0.24514090473341188,83.41999057691166,1.3747471824943998
45,2014,AMGN,0.05019784312204205,157.19010940379795,0.23147627086850497,0.05021727524863003,0.2285374208942452,93.80337673809542,1.6763874747182494
46,2015,AMGN,0.06409571626962932,160.0870640109404,0.19743497109826588,0.06428285155364499,0.19708724902407976,67.466475673177,2.374016638747472
47,2016,AMGN,0.06476987447698745,148.1221957064011,0.180720871751886,0.0648164608375419,0.1795675269413844,57.023506224890596,2.5969174016638745
48,2017,AMGN,-0.1689315003367537,175.00304521957065,0.17976559806963116,-0.14571708502894037,0.18319417735565763,-19.900966632429256,-5.023639308259833
49,2018,AMGN,0.15424,195.69134230452195,0.1897271268057785,0.151980638948992,0.1913330365534781,65.25269631282303,3.0001426360691736
50,1997,BMRN,-0.374390243902439,,inf,,,,
51,1998,BMRN,-0.21255315529852017,,6.289799809342231,,,,
52,1999,BMRN,-0.09187106742429632,,3.96414686825054,,,,
53,2000,BMRN,-0.14849844272366203,,3.405035054174634,,,,
54,2001,BMRN,-0.21888083836839067,,8.876381215469614,,,,
55,2002,BMRN,-0.19615802238616642,,inf,,,,
56,2003,BMRN,-0.21829737045302203,,inf,,,,
57,2004,BMRN,1.2124805083997763,,0.5845146434482261,,,,
58,2005,BMRN,0.19359169657380396,,1.338575197889182,,,,
59,2006,BMRN,-0.08820733094514527,,0.9342840274308553,,,,
60,2007,BMRN,0.013690165453906224,,0.5354037544031748,,,,0.022039348276948534
61,2008,BMRN,0.08857323574591125,,0.25919658326282285,0.08018942857268677,,,0.19028020393482767
62,2009,BMRN,0.01462203392460853,18.709675018096114,0.3151397533359363,0.015133337197553401,,379.6957909161535,0.05039202802039349
63,2010,BMRN,-0.01699390873842988,26.44204396750181,0.4152675812388057,0.01809626004467634,0.41382558196344804,-234.06177262870057,0.05212403920280219
64,2011,BMRN,-0.034583880949177796,34.08045120439676,0.5369508373050461,-0.03324278271102337,0.534450646695107,-157.94394095987158,-0.22188078759607974
65,2012,BMRN,-0.05218933944236992,48.29385304512044,0.6394139671663964,-0.047764523714248254,0.6283050898384506,-195.04365762776163,-0.39324118807875963
66,2013,BMRN,-0.046225283194175265,70.37282338530451,0.662558809311446,-0.0455284424871294,0.6605573791761785,-164.32625621404185,-0.43195832411880786
67,2014,BMRN,-0.045681833949213754,88.48271628233854,0.6175000434654102,-0.04090373799245781,0.6254674237984154,-45.89648661883747,-0.42085619583241185
68,2015,BMRN,0.028580330191803147,105.11482627162825,1.6444001825073704,0.021810690006229375,1.5547109306103275,223.27665924116238,0.29198091438041673
69,2016,BMRN,-0.0327950041120279,83.66774348262717,0.5839628645977386,-0.03278562193003721,0.6010152977634643,-178.91540964638804,-0.520449801908562
70,2017,BMRN,-0.0182976740178512,89.53404877434826,0.486758487880437,-0.01699577140752777,0.4841340676447314,-391.95940582667896,-0.2783230449801909
71,2018,BMRN,-0.0012298092279493522,86.29201640487744,0.4965544967073785,-0.0015647125419229108,0.4887148692928585,-2688.915537149374,-0.03437183230449802
72,1962,BMY,,,,,,,
73,1963,BMY,,,,,,,
74,1964,BMY,,,,,,,
75,1965,BMY,,,,,,,
76,1966,BMY,,,,,,,
77,1967,BMY,,,,,,,
78,1968,BMY,,,,,,,
79,1969,BMY,,,,,,,
80,1970,BMY,,,,,,,
81,1971,BMY,0.04452274108079071,58.95138549345434,,,,,
82,1972,BMY,0.04945746545808027,68.55889513854935,,,,,
83,1973,BMY,0.053472486826575454,47.528543389513864,,,,,
84,1974,BMY,0.055909856975165755,48.43667785433895,,,,,
85,1975,BMY,0.05736814965479703,68.14373116778543,,,,54.21928774417477,1.2570916436027324
86,1976,BMY,0.0525935524306471,68.93005187311678,,,,52.16394330225323,1.3216047091643603
87,1977,BMY,0.051806282553969574,33.75880550518731,,,,46.13739205285268,0.7316341604709165
88,1978,BMY,0.052113277251247495,35.61063838055052,,,,42.290022215863765,0.842500163416047
89,1979,BMY,0.051340595603848606,36.88736106383806,,,,39.401443068645584,0.9370112500163417
90,1980,BMY,0.05171436852401999,49.905426236106386,,,,45.98492778522457,1.0860157011250018
91,1981,BMY,0.05161904761904761,52.77221554262361,,,,43.415840260066815,1.2166476015701126
92,1982,BMY,0.05165713952403174,66.59301472155427,,,,50.01206290177585,1.3341736647601572
93,1983,BMY,0.054446249803448823,42.18774680147216,,0.05521599029020674,,54.94077241494195,0.769057417366476
94,1984,BMY,0.05485812706003404,51.75883127468015,,0.05567915798884663,,59.6276488655134,0.8702959057417368
95,1985,BMY,0.049141501467690696,65.09430088312747,,0.05026295471514949,,74.74298633792256,0.8754900295905742
96,1986,BMY,0.0534923825645366,81.6685719300883,,0.0542777422932484,,76.44196548491654,1.072365549002959
97,1987,BMY,0.0538816461771901,42.554541857193016,,0.05480554619533036,,68.78929925441909,0.6182362365549002
98,1988,BMY,0.0551170002819284,45.12451795418572,,0.05617898020397083,,65.43011514990117,0.6915588236236556
99,1989,BMY,-0.06943351691581431,55.62518745179542,0.09533898305084745,-0.0514516540548826,,-68.41386730577963,-0.5261968441176376
100,1990,BMY,0.07862679955703211,66.12136251874517,0.09027777777777778,0.07984545998690275,,80.7502943554412,0.8213593803155884
101,1991,BMY,0.08800690250215704,87.64928713625189,0.09090909090909091,0.08901953441400708,,88.7691618364988,0.9885881359380316
102,1992,BMY,0.096843853820598,67.15776492871363,0.10587818696883852,0.09653807692513063,,-753.439158431489,0.03630585881359391
103,1993,BMY,0.0430976430976431,58.07842827649288,0.1095890410958904,0.04839167996565226,,109.6369873693353,0.5662926305858814
104,1994,BMY,0.017180925666199158,57.78603284282765,0.09298029556650246,0.025443501511209183,,278.8799918046613,0.2915126292630587
105,1995,BMY,-0.024390243902439025,84.52174110328428,0.08952328159645233,-0.011137964787549757,,-270.6214836419178,-0.11760984873707356
106,1996,BMY,0.10898021308980213,107.66926467411034,0.0829329962073325,0.10983724433881133,,75.02867268872144,1.4350742390151263
107,1997,BMY,0.11109571962875744,93.40286692646741,0.08826840801621257,0.11218798962746555,,119.12211193039232,0.7850245074239016
108,1998,BMY,0.054514255543822596,130.91765858669265,0.08433981576253838,0.06174738516490838,0.08469179594583319,304.95213264306545,0.46277750245074245
109,1999,BMY,0.12168883747831116,64.54849176585867,0.10697167755991285,0.12240943077221171,0.1067677477049881,137.11783652787233,0.47104327775024507
110,2000,BMY,0.1266884531590414,72.26790484917659,0.11789297658862877,0.12740716152343892,0.11656897383266485,135.80959273603372,0.5315511043277751
111,2001,BMY,0.14148760330578514,51.43178679048492,0.7390098164746052,0.13922284548083108,0.6763929808098419,-59.1116301381333,-0.5439878448895672
112,2002,BMY,0.041708486673357865,23.249884178679046,0.1368377138089278,0.041588406671402,0.13525026730936762,123.26193008545621,0.18888260121551106
113,2003,BMY,0.051706519517678316,28.315091988417873,0.1262135922330097,0.05574158910126167,0.12408140262380232,104.50352179328833,0.28082788826012156
114,2004,BMY,0.013624779455008822,25.433438509198844,0.1312778747333721,0.019202771945342725,0.13116214704735557,335.8776737320576,0.10009908278882605
115,2005,BMY,0.04452177016416845,23.097677343850922,0.15441322972703725,0.04865399256188922,0.15294000893642878,84.53343195366311,0.28285300990827894
116,2006,BMY,-0.0134120708637774,26.187998767734385,0.19487301210538807,-0.008872936746812079,0.1932920281137956,-324.4525510685693,-0.04428771469900915
117,2007,BMY,-0.008426434387426624,26.773442799876772,0.22123368920521946,-1.0049461092774547e-05,0.21651033789921217,-230.8565757814226,-0.05283442877146986
118,2008,BMY,0.10056367943795441,23.00811734427999,0.2468075737560546,0.10913482658189089,0.2402882909900279,46.19131219239797,0.5276287165571228
119,2009,BMY,0.5399391274940818,24.95661881173443,0.22014702960460958,0.49268999431729615,0.2153235986629469,60.41066203587556,0.4138097628716557
120,2010,BMY,0.03088630259623993,26.522885661881176,0.19761299158677362,0.03381280471962254,0.19505163546532478,90.03590175356362,0.30669838097628727
121,2011,BMY,0.053696350916997544,34.82727928856619,0.1848184818481848,0.05419475865833094,0.1844363135286353,69.02718022406779,0.5056236698380977
122,2012,BMY,0.06782519431001613,32.72590772792886,0.2581722739203054,0.05687261694113577,0.2573875012850788,46.21864324985707,0.4693465623669838
123,2013,BMY,0.047650301916513524,52.442753590772796,0.2154920063048863,0.047499302058868834,0.2160726204214678,119.99477195426884,0.4370599346562367
124,2014,BMY,0.0008676500033371154,58.22178927535907,0.2792390793799906,0.005303607024285572,0.27740024123159124,5325.690533571879,0.05004770599346566
125,2015,BMY,-0.013657792567942318,67.90173217892755,0.4469325868905995,-0.00813968076683287,0.43154393273886155,-510.11070609754836,-0.07027599522940062
126,2016,BMY,0.0546889337493118,58.175032173217886,0.26702269692923897,0.056844198643846364,0.2637441859856344,106.96704725242112,0.5486419724004772
127,2017,BMY,-0.19650544441630793,61.444839503217324,0.3558451091943476,-0.17109628086623188,0.3502021152869027,-26.632938663428604,-1.22615913580276
128,2018,BMY,0.08211226728958732,52.930329483950324,0.2310396785534907,0.08670079963083252,0.23227189750367833,72.93206248126653,0.7461663840864198
129,1990,GILD,,,2.502,,,,
130,1991,GILD,-0.04837349176660431,,3.2527272727272725,,,,
131,1992,GILD,-0.02788471242989172,,4.448076923076923,,,,
132,1993,GILD,-0.054670792560430295,,6.4577397910731245,,,,
133,1994,GILD,,,6.1871165644171775,,,,
134,1995,GILD,-0.07296417798137282,,14.312769010043043,,,,
135,1996,GILD,-0.027710347665089487,,1.8808164677391455,,,,
136,1997,GILD,-0.039149574440596566,,2.0220002018367143,,,,
137,1998,GILD,-0.06878287321611402,,0.8295210949094249,,,,
138,1999,GILD,-0.03011853665756226,,0.6220272265048384,,0.6311361635401987,,-0.24589369721998935
139,2000,GILD,-0.05236041968079653,,0.8254406860409719,-0.05146602798417688,0.8186477207679124,,-0.3860165893709831
140,2001,GILD,0.29081839018471084,64.76478182879498,0.6000322880090406,0.25313988206658616,0.6295645123445833,26.190128657985856,1.098285398341064
141,2002,GILD,0.06209776648271347,33.95248747818288,0.24143780123701106,0.059851498180163915,0.2440182722357802,211.51926901286578,0.16299182853983413
142,2003,GILD,0.19201195644154287,58.03673624874782,0.2235263759074367,0.18934544876010476,0.22189160241548994,78.08277141074227,0.7968672991828539
143,2004,GILD,0.05892653265429168,35.513908673624876,0.18983454415087192,0.06123980002206306,0.18590469266607773,146.00753052203905,0.2434396867299183
144,2005,GILD,0.09275617618014596,52.13308139086737,0.11286203398843857,0.09045673358126757,0.11720422910579517,92.81494608163642,0.5692203439686729
145,2006,GILD,-0.8912879807406748,65.2199513081391,2.3910596446277133,-0.8027575045309476,2.2072251353998897,-71.34729956157327,-3.262308077965603
146,2007,GILD,0.11155826657248903,45.512006095130815,0.16867097886862703,0.11328833884970141,0.16523627146666112,110.66086864061158,0.4110187691922034
147,2008,GILD,0.12886051929157932,50.66017820060952,0.1413403538007499,0.12751983457688662,0.14099648813110566,87.06867087250714,0.5823501018769193
148,2009,GILD,0.12331937210441316,43.59631401782007,0.11791353876417736,0.12260408885951779,0.12104999569025401,51.340529228389045,0.8539152350101877
149,2010,GILD,0.1028153804160418,36.174702631401786,0.19650900816385958,0.1043963262522461,0.1887470708677169,47.21726199512063,0.7667233915235011
150,2011,GILD,0.09685615220662298,40.74353047026314,0.1828031365519924,0.09905807032296754,0.1781542824785352,46.47041119571242,0.8776666723391524
151,2012,GILD,0.07983996011253007,72.58426835304704,0.16986498782012027,0.07966005782685177,0.17183688945003672,77.93660380040008,0.9312907666672338
152,2013,GILD,0.06702140488597373,73.76103442683531,0.17692589266196254,0.0673440423551116,0.1787973629169393,156.96078172268238,0.46992012907666675
153,2014,GILD,0.22020481242895035,95.23184010344269,0.14282110761854672,0.21803102933311136,0.13885969434344844,45.05432897322735,2.1333439920129083
154,2015,GILD,0.244990844886215,101.05966018401035,0.08899600282153773,0.24623120821431052,0.0891472706035262,31.923987781393038,3.1663773343992014
155,2016,GILD,0.16051231730620255,72.4133599660184,0.1650273224043716,0.1639314908765535,0.1640891713865897,30.72893659758614,2.35591363773344
156,2017,GILD,-0.18852738890785814,72.47318933599661,0.1933097999663809,-0.15865787167212603,0.18611744464513919,-17.936433122692325,-2.4555494086362266
157,2018,GILD,0.00013931457230426304,63.95655831893361,0.3364969801553063,0.009132116690410462,0.3200329287068665,48.57937423372844,0.15731744505913656
158,1994,IART,-0.17123139961181802,,0.46512968299711815,,,,
159,1995,IART,-0.12583921501118955,,0.5360134003350084,,,,
160,1996,IART,-0.05055622628492584,,0.40816326530612246,,,,
161,1997,IART,-0.2973849811215214,,0.5691376701966717,,,,
162,1998,IART,-0.09267997194414335,,0.4160736709920469,,,,
163,1999,IART,-0.02055858274763747,,0.18895019272919658,,,,
164,2000,IART,-0.21896208698239156,,0.08824255592316428,,,,
165,2001,IART,0.08637334849257067,,0.07613201530612244,,,,
166,2002,IART,0.10248104783175886,,0.04497887184141119,,,,
167,2003,IART,0.034156332625777386,,0.08083015671325709,,0.07840552177783083,,0.2925572928750238
168,2004,IART,0.03196317364199556,,0.03488052288427626,0.02669222962519355,0.041767750396116826,,0.24980625572928747
169,2005,IART,0.036622984079663794,35.65554546399704,0.037049216266578984,0.0362881964358756,0.03779083698304717,108.41823441660435,0.329028980625573
170,2006,IART,0.03420762960811988,42.0939375545464,0.04158093688693239,0.03181015512934618,0.04651501421984885,151.70422162305383,0.3167249028980626
171,2007,IART,0.02066590126291619,42.59921139375546,0.07493418757334518,0.022482143305988016,0.07226991785742848,213.4515649984858,0.20379167249028984
172,2008,IART,0.06640377377886157,36.41940292113938,0.05841601192865745,0.05541780275534734,0.0717799565516275,34.48633127568589,0.670178379167249
173,2009,IART,0.03535969969767468,36.520979940292115,0.06435055523468064,0.035120789189556766,0.0645621726240241,69.58272499603618,0.5248750178379167
174,2010,IART,0.037616783641989504,46.49749909799403,0.06866906363645729,0.03733579843000115,0.06811215737065937,74.78037175301908,0.6215024875017838
175,2011,IART,0.009256289608191005,31.4439177499098,0.06585005134554817,0.010383717821630552,0.06579393217730296,203.3076539481065,0.17968415024875023
176,2012,IART,0.02469412389551446,39.14098539177499,0.05999104611252053,0.024646098749070797,0.060229652118491794,85.5584307653948,0.4583249684150249
177,2013,IART,0.020548210928407293,46.93019309853918,0.06572933699930696,0.013046579370861853,0.0652462542626539,98.53897498402735,0.3071978324968414
178,2014,IART,0.024372375135236442,53.74422401930985,0.04569232314195203,0.023289044433822043,0.04679230291357944,98.89407402038628,0.5836537197832496
179,2015,IART,0.01993497843482473,67.02868942240192,0.057497097362746726,0.014087981023272814,0.05785116039371558,152.36117402278666,0.27352336537197824
180,2016,IART,0.033641908042116704,85.42584686894224,0.054372144689905505,0.03264073124587337,0.054962973635229444,127.59268861740232,0.6782223523365372
181,2017,IART,0.04609240719687916,48.154249584686895,0.04660853712133955,0.04191346430208451,0.04736194759463548,194.48879319743327,0.5089998222352337
182,2018,IART,0.018271604220393138,47.15261142495847,0.05295644574305727,0.017411382296145275,0.05317735862884164,184.0033661206991,0.2759368999822235
183,1990,IDXX,0.09966168593177334,,0.11420888763090858,,,,
184,1991,IDXX,0.03826352253225704,,0.11761529322821038,,,,
185,1992,IDXX,0.02818237624867459,,0.06674900353674283,,,,
186,1993,IDXX,0.043201683586229986,,0.06659928122192273,,,,
187,1994,IDXX,0.04321247469584912,,0.054685108396181785,,,,
188,1995,IDXX,0.025529780564263325,,0.04520462009668254,,,,
189,1996,IDXX,0.028618793090092187,,0.042299232873772866,,,,
190,1997,IDXX,-0.010213620583154132,,0.10144947715785516,,,,
191,1998,IDXX,-0.09768061330561331,,0.53059004146368,,,,
192,1999,IDXX,0.031099982063789604,,0.07142776542805881,,0.07170785173279758,,0.23679417487991777
193,2000,IDXX,0.03744455523845546,,0.08297370010432109,0.03715624344981204,0.08212057459814573,,0.27796167941748806
194,2001,IDXX,0.03257216716932356,28.065537348587092,0.06766387755960139,0.03285351586554179,0.06806955587705218,99.71794441856305,0.2818357961679418
195,2002,IDXX,0.037413519545535866,32.60939255373486,0.06687756740167147,0.03759235957195344,0.06724008385308239,90.61432469019476,0.3599471835796168
196,2003,IDXX,0.02986152367428359,45.816203939255374,0.06650218683413704,0.030880190335653025,0.06681130860742998,131.9491545659313,0.35017199471835797
197,2004,IDXX,0.04254469265322119,54.31982462039393,0.0649666606595783,0.04316948461535379,0.06502478499040053,109.39791254068852,0.4978160171994718
198,2005,IDXX,0.05422815520836154,71.41634598246205,0.06370006588009822,0.054173298078257104,0.06395717090957971,118.89485385561838,0.60071878160172
199,2006,IDXX,0.06019601767428471,80.33363563459825,0.07258244931298742,0.06067122594840452,0.07260187507938742,106.97298520124865,0.7509750718781603
200,2007,IDXX,0.05824015623181991,63.56867036356346,0.06845355942996868,0.05850081040624765,0.06912127666117283,145.49734706507198,0.4395900975071879
201,2008,IDXX,0.0537547296402963,37.893350867036354,0.07013354268310226,0.05455788792807478,0.07019889741154811,95.81833337896923,0.39490095900975075
202,2009,IDXX,0.06014819881884025,53.055711335086706,0.05921541790741117,0.06051600374393514,0.05968336358616202,103.8153341431348,0.511176490095901
203,2010,IDXX,0.06333310696331587,68.45800057113351,0.06159848038991108,0.06341608149755279,0.06179298636193682,110.88414693427917,0.6172261176490096
204,2011,IDXX,0.07044198127106911,76.24568380005711,0.06576475988033892,0.07009298676047028,0.06557982073304547,113.74829848888523,0.670489722611765
205,2012,IDXX,0.0681391324574818,93.41299956838,0.06587635899329657,0.06842522088244242,0.06569569391182561,119.91347824945558,0.7793050489722613
206,2013,IDXX,0.08347516663000228,105.60120229995685,0.063534920764927,0.08376998294983175,0.06355107033927752,128.10605988744695,0.8251169305048972
207,2014,IDXX,0.2207774536733879,145.36965012023,0.0659551953407822,0.22037731714818798,0.06584127371099097,258.64091201486315,0.5894835116930506
208,2015,IDXX,-0.5279957140305963,73.04132896501203,0.0637902348099128,-0.5166144238554526,0.06351213975046667,151.7767084789566,0.48154094835116934
209,2016,IDXX,-0.4839437036215613,116.6022321328965,0.05737749325050339,-0.4149296758059557,0.05734313120551776,199.6174897271691,0.5849671540948351
210,2017,IDXX,-0.7105419560937545,156.3396892232133,0.056921171024320275,-0.7804311636838352,0.05680873655131287,346.7509442183463,0.4674014967154096
211,2018,IDXX,-9.275208491281099,192.03674496892233,0.054857604671396804,-14.530795934107967,0.05470016628265367,194.03402601478518,0.9885257401496715
212,1988,IMGN,,,3.21,,,,
213,1989,IMGN,-0.12425577518456778,,inf,,,,
214,1990,IMGN,-0.30916196265740337,,inf,,,,
215,1991,IMGN,-0.04539603154639481,,190.11764705882354,,,,
216,1992,IMGN,-0.09875709804233015,,134.3235294117647,,,,
217,1993,IMGN,-0.20938983050847457,,inf,,,,
218,1994,IMGN,-0.3291641742345967,,inf,,,,
219,1995,IMGN,-1.01840867253017,,28.642105263157895,,,,
220,1996,IMGN,-0.5339532871972318,,28.222222222222225,,,,
221,1997,IMGN,-0.3371503660596959,,32.926829268292686,,,,
222,1998,IMGN,-0.382132834424696,,8.99367088607595,,,,
223,1999,IMGN,0.008462282398452611,5.186797923206491,0.7564,0.022201659884977663,,21.228227569993596,0.004376636104923616
224,2000,IMGN,-0.01645264059975272,22.490506179792323,5.061538461538462,-0.037881114763605346,,-314.30030688820136,-0.06920056233638952
225,2001,IMGN,-0.012111295251281405,15.930786550617977,1.952720207253886,-0.012096785558835355,,-395.6846807631481,-0.04046192005623364
226,2002,IMGN,-0.044444444444444446,3.117366078655062,2.6522617124394183,-0.0426067944124432,,-27.21326525918854,-0.11634704619200562
227,2003,IMGN,-0.013705672482752238,4.986338736607865,1.006003098373354,-0.016748289798843474,1.0630111508465057,-155.75284378641896,-0.03764063470461921
228,2004,IMGN,-0.023883146650521127,8.47167663387366,0.7027744003537083,-0.023825308026171037,0.7154695965100794,-161.54997528437863,-0.050331764063470466
229,2005,IMGN,-0.04370125413364947,5.3352641676633885,1.3298922119325944,-0.044755823552411,1.31598743057587,-58.118338114411564,-0.09161603317640636
230,2006,IMGN,-0.04690966231205325,4.914209526416767,0.9748177601060306,-0.05148542309198388,1.0240625962094878,-67.54738861952573,-0.07801216160331766
231,2007,IMGN,-0.11690535784858008,4.208252420952642,1.3494000615321506,-0.10759276226926492,1.3122733059732803,-46.32177064795288,-0.13790580121616033
232,2008,IMGN,-0.17251177927818523,4.3340828252420955,1.380758517248768,-0.1753482755498668,1.4440656237848135,-30.02173307932043,-0.14581379058012164
233,2009,IMGN,-0.2808350784775146,7.888303408282526,3.928893178893179,-0.27409914411184655,3.915545812323536,-34.51767975659421,-0.22878558137905805
234,2010,IMGN,-0.18206122005193343,8.989799830340829,3.830540928674007,-0.1781820810536872,3.8334501269916044,-43.091123196547095,-0.2082018785581379
235,2011,IMGN,-0.11056491885143571,11.527171979983034,2.04266771694893,-0.11494004090723849,2.4757977949100303,-65.61814216456152,-0.17868882018785584
236,2012,IMGN,-0.17936688848854737,12.952863717198,8.290964777947933,-0.17842544761308132,8.047760670087204,-44.52600707283715,-0.29084386888201874
237,2013,IMGN,0.02931495893444892,14.89986828637172,0.6940119760479042,0.016282212918848755,0.7892529664003268,316.9900512454465,0.02191291561311178
238,2014,IMGN,0.17600361430231057,6.564676986828638,0.5724016563146997,0.1209039879302808,0.7516514851309103,30.303858879927155,0.11741619129156126
239,2015,IMGN,1.991310080306843,13.215131467698685,2.118753119973376,1.5224792259740616,2.143603074387772,-34.75381934227858,-0.38046325838087086
240,2017,IMGN,0.733053925677562,6.525340095131469,1.010013181910363,0.7061976758779889,1.2550069691563128,-54.23222308597522,-0.15503141046325844
241,2018,IMGN,-3.8096062705067513,5.269990534009514,3.2558884913536073,-3.521662691533619,3.359046724113162,-18.41147602184777,-0.28387550314104637
242,1962,LLY,,,,,,,
243,1963,LLY,,,,,,,
244,1964,LLY,,,,,,,
245,1965,LLY,,,,,,,
246,1966,LLY,,,,,,,
247,1967,LLY,,,,,,,
248,1968,LLY,,,,,,,
249,1969,LLY,,,,,,,
250,1970,LLY,,,,,,,
251,1971,LLY,0.05039277091059321,62.749328685131104,,,,,
252,1972,LLY,0.05020647755597863,78.82827493286851,,,,,
253,1973,LLY,0.0452228409585818,74.74905782749329,,,,,
254,1974,LLY,0.0446218107073488,67.04779990578275,,,,,
255,1975,LLY,0.03885847589424572,51.92894227999058,,,,,
256,1976,LLY,0.042337225495049965,48.376480394228004,,,,72.86064900522062,0.6653252799872306
257,1977,LLY,0.04265499304596613,37.520100148039425,,,,51.662754957410115,0.7261055325279987
258,1978,LLY,0.04655649015015007,47.90906451001481,,,,54.07249972956174,0.8864826105532528
259,1979,LLY,0.04506097107357257,59.587828406451,,,,62.62007973281049,0.9521806482610553
260,1980,LLY,0.04690235982986054,62.49104628284064,,,,58.73234917181077,1.063238218064826
261,1981,LLY,0.04577070954211814,55.32193660462829,,,,48.57489691420264,1.1392723238218065
262,1982,LLY,0.04840814221634087,56.97946969366046,,,,44.190424654171764,1.2907859272323823
263,1983,LLY,0.05438849599245639,58.31332294696937,,0.05383869094935739,,37.6274206348221,1.5529890785927234
264,1984,LLY,0.05303439582207816,65.0927063322947,,0.052578990562611956,,39.924688964334756,1.6296952989078592
265,1985,LLY,0.052142228923231566,108.98998427063323,,0.0520627344117501,,61.04070227523523,1.7848359695298908
266,1986,LLY,0.04537158709300629,73.51457399842707,,0.045727697104733143,,83.9023828814798,0.8775884835969531
267,1987,LLY,0.045421678827318734,79.79707645739985,,0.04588707577936366,,-109.26288559814036,-0.43211924115164013
268,1988,LLY,0.0544755526617679,85.70732970764575,,0.054378428508233566,,69.28569592801796,1.236844788075885
269,1989,LLY,0.05996646349578132,67.85540823297076,0.14607329842931938,0.05979887063800897,,88.46269349131492,0.7673556844788076
270,1990,LLY,0.07362653208363376,73.1730730408233,0.1352680426651891,0.07365192640255075,,80.45847678448195,0.909490735568448
271,1991,LLY,0.0626447565070202,83.05211730730409,0.13436347450082667,0.06255890392099064,,78.66183290633715,1.055925949073557
272,1992,LLY,0.06361278944125813,60.96958021173074,0.14395312311223873,0.05303444131576306,,45.94197159706309,0.8840045925949074
273,1993,LLY,-0.11460347220504655,58.43072195802118,0.15265437583296312,-0.09764971078839996,,-25.27590093162716,-1.4911485995407405
274,1994,LLY,0.05416762049728154,64.8338555721958,0.19297339188840093,0.054804041943181,,69.07107772777054,0.940386885140046
275,1995,LLY,0.06306372639251924,59.49254588555722,0.1580731192354706,0.077461740317768,,69.07107772777054,0.940386885140046
276,1996,LLY,0.06114653858133473,72.15444925458856,0.16952112949395953,0.06183383716745304,,111.55579875176083,0.6487758805041606
277,1997,LLY,0.09520143166305978,74.61754844492546,0.16917791207881444,0.09177362141046007,,170.06399283100657,0.4044888751454247
278,1998,LLY,0.12807025465053276,87.6929992548445,0.1970858313728466,0.12627683022047065,0.19607096614010763,176.78330643713358,0.4958234488876058
279,1999,LLY,0.15685218432076597,66.35665679992549,0.17106757004211684,0.1560095533982897,0.17133411662058387,94.3662866826068,0.7043895823448888
280,2000,LLY,0.12689146504820653,92.01937316568001,0.1830607515867952,0.12699839368761257,0.1828856047284829,131.4914366728979,0.7001534389582345
281,2001,LLY,0.08099662162162163,78.69319593731659,0.24387571140726075,0.08108581070007236,0.24189980743328632,145.33270006827613,0.5421760153438959
282,2002,LLY,0.08899390833494487,62.71464931959374,0.19430910813371227,0.08839152275073459,0.19657925586801286,92.91473772963127,0.6747662176015344
283,2003,LLY,0.0765197443880059,69.32143646493196,0.2048766411773193,0.0764144040921772,0.20244084767583206,100.94931997062652,0.6865694766217602
284,2004,LLY,-0.00021978223243802598,57.1758321436465,0.20179458332189995,0.006416616396540576,0.20160065874483254,90.54083357378967,0.06790165694766225
285,2005,LLY,0.06491905966511921,56.301797583214366,0.20878554303833363,0.06454486844085869,0.20874793191968483,81.66379249283929,0.6582487901656948
286,2006,LLY,0.012048412214157568,52.57283017975833,0.20210585824323368,0.01755712654990015,0.20150018626002275,397.8898187468146,0.18759882487901666
287,2007,LLY,0.06327061071246085,53.73121628301798,0.2009018036072144,0.06394079084013986,0.19994786016156083,68.59882544092929,0.7844317598824879
288,2008,LLY,-0.5386704661828223,40.672944121628305,1.10252375011995,-0.48719600353136316,1.0111435832448208,-19.638310421199133,-3.0088285568240116
289,2009,LLY,0.09610196004325319,35.45759629441216,0.22019817330052915,0.09637157620311562,0.21837447466670243,42.49552153046975,0.8347191171443176
290,2010,LLY,0.094225315803042,35.161343759629446,0.23243898496848228,0.09555822760411756,0.23066820688176107,33.10070064226833,1.0632804719117146
291,2011,LLY,0.06340317385265522,41.104239134375966,0.22414249330202096,0.06528464890755475,0.22255008846628468,51.926492858819856,0.8034913280471914
292,2012,LLY,0.055997400821719376,49.08143892391344,0.24559371537919225,0.05848222888448147,0.24556585663316718,64.11010506632124,0.7805693491328047
293,2013,LLY,0.04123986009625469,50.92779914389239,0.26382385346371023,0.04433588949957082,0.26117676392462774,73.02894844012671,0.7142460569349134
294,2014,LLY,0.02784619283732235,68.54509677991439,0.25206490539511456,0.0280165093513677,0.25397970451145774,168.55362917769756,0.40910342460569354
295,2015,LLY,0.03278890769895067,84.189749509678,0.3056775057667981,0.034634762875013596,0.2983932969814483,180.05222893434635,0.4780309103424606
296,2016,LLY,0.05481339441070984,74.20037797495097,0.2570262998003645,0.054304936494222085,0.2552373477191751,101.74746607615198,0.7295068030910343
297,2017,LLY,-0.14200498804412104,84.5364190377975,0.2494684045644164,-0.12382351053073418,0.2514528535090062,-33.55159724778605,-1.365767049319691
298,2018,LLY,0.10312491406257163,114.6519566419038,0.2769546174634237,0.09998470506633494,0.2740627008469138,100.29062227270764,1.0894124232950682
299,1962,MRK,,,,,,,
300,1963,MRK,,,,,,,
301,1964,MRK,,,,,,,
302,1965,MRK,,,,,,,
303,1966,MRK,,,,,,,
304,1967,MRK,,,,,,,
305,1968,MRK,,,,,,,
306,1969,MRK,,,,,,,
307,1970,MRK,,,,,,,
308,1971,MRK,0.061381547396523656,122.71928270410328,,,,,
309,1972,MRK,0.05863117490040549,88.4295093382704,,,,,
310,1973,MRK,0.06106898214602974,80.94753045093384,,,,,
311,1974,MRK,0.06299306646282107,65.0473822530451,,,,,
312,1975,MRK,0.05509134756827759,69.29592973822531,,,,,
313,1976,MRK,0.051103750194400895,69.08822959297383,,,,90.91190634553337,0.7600671061629803
314,1977,MRK,0.048114812824646254,55.7732713229593,,,,66.4555204735099,0.8399470067106163
315,1978,MRK,0.0488887922499825,66.8113398271323,,,,69.76348923937506,0.9594659947006711
316,1979,MRK,0.04850859246892926,71.88608113398271,,,,65.09653821153199,1.1124059465994702
317,1980,MRK,0.050094727715417495,84.1571886081134,,,,65.93648309525253,1.27995624059466
318,1981,MRK,0.045362669879147804,84.83082821886082,,,,68.72480021229997,1.2350179956240595
319,1982,MRK,0.04468328559353342,83.8746455828219,,,,62.78390078777741,1.3362455017995625
320,1983,MRK,0.04265193442094715,90.94314996455829,,0.04298597611961204,,63.74449745767277,1.42684962455018
321,1984,MRK,0.04088470475065515,92.96255681499646,,0.041543006187342996,,58.23856217023372,1.5971836849624552
322,1985,MRK,0.04548070978332706,134.1597996656815,,0.04565489618393989,,69.9048619916614,1.9189867183684963
323,1986,MRK,0.057681976900349194,121.46324088996657,,0.05768954980311666,,96.4729721586063,1.2588778986718367
324,1987,MRK,0.08763858511199939,162.954457934089,,0.08594463049626053,,95.31280785971586,1.7097118877898672
325,1988,MRK,0.09039564641859098,57.83634526579341,,0.09123380359986037,,74.88308022170469,0.772316971188779
326,1989,MRK,0.09127899764297234,77.23343363452658,0.12276418147748566,0.0923671321405082,,83.45585172137172,0.925952231697119
327,1990,MRK,0.10087369117412234,88.58977334336346,0.12451176526626653,0.10170761890221368,,78.75288776221244,1.12592059522317
328,1991,MRK,0.09613850913451932,162.71018397733437,0.1304723626777302,0.09718206524716803,,121.79547538670876,1.3379085920595224
329,1992,MRK,0.10818831551982791,43.629933518397735,0.12048748606358847,0.10773583969960787,,83.25774996116759,0.523852790859206
330,1993,MRK,0.060379188828614185,34.06070049335184,0.11803519061583577,0.06473442825694332,,61.90764192141817,0.561679385279086
331,1994,MRK,0.06259414632566124,37.816681070049334,0.09427870334495674,0.06260571850444419,,62.00910717310028,0.6098331679385279
332,1995,MRK,0.06117529596348595,64.58676916810701,0.0836076366030283,0.06179102499069523,,94.8812877073925,0.680820983316794
333,1996,MRK,0.07307064779737689,78.64035867691682,0.0783004383936664,0.07304102769550412,,93.8729422237214,0.8375090820983316
334,1997,MRK,0.09002819269598997,105.3988270358677,0.07925097479180372,0.08944102457097838,,104.81992363464339,1.0054917509082097
335,1998,MRK,0.08485593815881938,145.7402831827036,0.07186582920578433,0.08484329061251956,0.0849670300479759,126.10784980199531,1.1553855491750908
336,1999,MRK,0.09419174834302273,67.05118652831827,0.0700403864604949,0.09393256440957161,0.06986785785056186,101.96599893776833,0.6576915385549176
337,2000,MRK,0.08887142756404444,91.71411761865284,0.05775553094451179,0.0898615264715482,0.057754187038478136,121.982580688408,0.7524027691538555
338,2001,MRK,0.08909113541048279,59.56667141176187,0.057047754799767474,0.08973335577627167,0.056304398210505736,73.31488022164517,0.8123342402769155
339,2002,MRK,0.08170765452595899,55.576438667141176,0.13846839559568813,0.08257254603951593,0.13702724937848515,69.35577531217673,0.8036044774537361
340,2003,MRK,0.07157955221736544,46.735609643866724,0.1610598709815002,0.07383639310953746,0.15850807046237653,73.32268079399431,0.6405023457685535
341,2004,MRK,0.055907306893592815,32.36794456096439,0.1928704396388246,0.05677271963759752,0.18895371422593973,63.40495233041428,0.5118310502334189
342,2005,MRK,0.055093043623731776,31.387469794456095,0.19285801002445413,0.05630413264059268,0.19095470003706855,60.796161784095965,0.5210791831050233
343,2006,MRK,0.023735587855232443,43.37371574697945,0.2850713919359375,0.025950683880247898,0.27429476010865594,187.66060950863178,0.2435831079183105
344,2007,MRK,-0.07920296822945502,57.4433903715747,0.22133944160566404,-0.06458850477002404,0.22225376912251826,-62.43433348949868,-0.6043436416892081
345,2008,MRK,0.07770549579299951,30.57950933903716,0.22985876268151978,0.07523431576751077,0.22653273489788772,41.07623253472417,0.7565875656358312
346,2009,MRK,0.1056338486256883,36.0114729509339,0.1953237231881904,0.10790992905200868,0.19680252853910749,16.142273712282645,2.267238658756564
347,2010,MRK,-0.009360091541237568,36.100846147295094,0.3735002521974251,-0.007761933457381271,0.3568451895653883,-158.996238045356,-0.14063227613412432
348,2011,MRK,0.026552868658131817,37.22392908461473,0.19676264844639663,0.0268733087857705,0.19335302493185003,75.15591760728371,0.49664193677238666
349,2012,MRK,0.016353244505345907,41.31858239290846,0.18948624009542472,0.017702407033282276,0.187306738347564,130.78448541934694,0.32617366419367727
350,2013,MRK,0.014925658372510798,49.79177185823929,0.16210247349823323,0.015646341459633825,0.16133165534395286,186.00889423801559,0.2714006173664194
351,2014,MRK,0.14994568670451516,57.022922177185826,0.21780194619347454,0.13712942295107544,0.21168879619488332,38.20666302176202,2.320560140061737
352,2015,MRK,0.021824111510711015,52.552904292217725,0.17591776798825257,0.02340340880932478,0.17345121617172016,145.06378519552294,0.3752890560140062
353,2016,MRK,-0.014761337699712216,59.17126429042922,0.4596144340088977,-0.008536489917457663,0.4300199209991088,-232.29131975947033,-0.12353247109439852
354,2017,MRK,-0.03025832393184645,57.045613126429046,0.22189207322917665,-0.02688863803384671,0.23999722880495664,-417.09754897797524,-0.34591835324710946
355,2018,MRK,0.06796369317759095,75.75462756131265,0.20130932896890344,0.0670272482346129,0.20068754990903792,109.41824455747636,0.6925784081646753
356,1981,MYL,,,,,,,
357,1982,MYL,0.07066453297397456,,,,,,
358,1983,MYL,0.08553860992223762,,,,,,
359,1984,MYL,0.14475041663360053,,,,,,
360,1985,MYL,0.14506296339884667,,,,,,
361,1986,MYL,0.0859106529209622,,,,,,
362,1987,MYL,0.06397581402152845,,,,,,
363,1988,MYL,0.03737435000049713,,,,,,
364,1989,MYL,0.06971380915504345,,0.06302643043857101,,,,
365,1990,MYL,0.056952886493027856,,0.06298084175592096,,,,
366,1991,MYL,0.05356509030170164,40.789473849782986,0.056530214424951264,0.053414788390364405,,153.82042976396667,0.26510772459700344
367,1992,MYL,0.08179718161871503,31.03866644738498,0.062250441840675526,0.0807556371290078,,112.98872366229457,0.2748145107724597
368,1993,MYL,0.0605888813117412,25.75570386664474,0.08277138900596061,0.05959466233346125,,94.85191575548312,0.27396948145107725
369,1994,MYL,0.07073557084554323,26.804575570386667,0.0760230553078037,0.07031956405190992,,67.76857610066646,0.39568539694814514
370,1995,MYL,0.03939495218483499,23.269255457557037,0.1198874275890012,0.041036476369900134,,125.47874114332436,0.18869756853969485
371,1996,MYL,0.027779783643098688,16.681351925545755,0.09453329940955073,0.027681348513791414,,112.20060144554292,0.14883386975685398
372,1997,MYL,0.03069348681473042,21.010435635192557,0.060934085872897,0.031778017778201474,,113.91639845175295,0.18578388338697568
373,1998,MYL,0.007963279457004736,31.30005104356352,0.22167082896962864,0.0117544514574338,,482.413328453032,0.08377257838833872
374,1999,MYL,0.03492101876721912,24.588823755104357,0.06075722126576318,0.03470044971060811,0.06071493558798375,80.12494966617864,0.3067013772578388
375,2000,MYL,0.03436161065543096,25.28458388237551,0.07084815309221548,0.03313665983922998,0.0722012096396565,84.34408344877188,0.2893266701377258
376,2001,MYL,0.058917025841766,36.96476345838824,0.045226807002903865,0.058077670907805926,0.046574370814666435,61.9113282608039,0.5979259326670138
377,2002,MYL,0.04711312326850735,34.66896047634584,0.07158012318483341,0.04702131528077548,0.0706964886969525,62.17798625540341,0.5575467925932668
378,2003,MYL,0.05320598471439305,26.554771896047637,0.0721812765519489,0.05380858576045393,0.0716957378326253,81.04367177828894,0.32855575467925935
379,2004,MYL,0.019156750371620023,17.737362477189603,0.07961934481668341,0.020166448131079,0.07877056438315841,132.0913710338445,0.13617585557546794
380,2005,MYL,0.06347385967730469,19.88828173624772,0.09437872293941127,0.061228101868684146,0.0942424038367395,93.69766887736314,0.21397961758555756
381,2006,MYL,0.12291894491811904,19.97874882817363,0.05705382055500658,0.1187740901230831,0.05751990217917105,34.14844119545917,0.6028143979617585
382,2007,MYL,-0.39781211611893946,14.25225949883875,1.1683067194414847,-0.35026547386780943,1.0585047828474607,0.17827919364383585,-4.476286299087186
383,2007,MYL,-0.39781211611893946,14.079225949883876,1.1683067194414847,-0.3930574518938265,1.1573265257820824,-2.492886366349902,-4.983628629908719
384,2008,MYL,-0.007228235790086938,10.049277922594989,0.06474394404710948,-0.0001134593158964128,0.06311844931430388,-49.443142818814664,-0.12197136286299085
385,2009,MYL,0.01236933255076469,18.15842392779226,0.05370031594513163,0.01130125680667153,0.05376905704962502,1648.2818413396521,-0.0007951971362863059
386,2010,MYL,0.0054895708664128825,20.885514842392777,0.057211611858913804,0.008866645034427176,0.056759090827592854,1908.055523184134,0.0403199204802864
387,2011,MYL,0.03694694848352908,21.08761255148424,0.049683425470290324,0.03765282287252666,0.0501538117126398,69.579793299354,0.305581031992048
388,2012,MYL,0.048263498606007205,27.113996761255148,0.06835808489866234,0.049107538351963756,0.06956153912945666,68.30716824259609,0.40017055810319924
389,2013,MYL,0.0608911023217959,42.80334089967613,0.09334065421232539,0.05980729894359773,0.09048028063826272,96.0987060791431,0.44542301705581033
390,2014,MYL,0.05775335775335775,55.339367334089964,0.08061650741825516,0.06553980747015617,0.0802190867003228,112.80311515569333,0.5395855423017056
391,2015,MYL,0.01992668291384218,52.95608893673341,0.07640422371220942,0.022034094756827598,0.07532883900922942,134.75679591136435,0.4197509585542302
392,2016,MYL,0.03755306900769951,38.201970608893674,0.07482098047616133,0.033036378755462274,0.07394289215248723,31.685957436964188,0.6843389750958555
393,2017,MYL,0.01835793080645646,41.29059119706089,0.08150915434252369,0.017336757500247747,0.07951996220503785,101.35688974198878,0.4335264338975096
394,2018,MYL,0.004208069301641311,28.320442059119706,0.08656251015038816,0.005140568554009178,0.08317614801922894,261.16290123519263,0.12142635264338979
395,1991,PDLI,0.24991896272285252,,0.3020183486238532,,,,
396,1992,PDLI,0.008406029925466534,,0.7773770491803279,,,,
397,1993,PDLI,0.06192168991671052,,0.5715521716559958,,,,
398,1994,PDLI,-0.01130893252846336,,1.3170320404721754,,,,
399,1995,PDLI,-0.015603955483093497,,1.4849986955387424,,,,
400,1996,PDLI,-0.0172579463614655,,1.335,,,,
401,1997,PDLI,-0.09526438255336324,,3.61358574610245,,,,
402,1998,PDLI,-0.03231464159117763,,2.2122932609232286,,,,
403,1999,PDLI,-0.03611079074679956,,1.9211372482653581,,,,
404,2000,PDLI,-9.547987059669302e-05,,1.691635091809968,,1.7099665422876995,,-0.009622847491278194
405,2001,PDLI,-0.009576626441731743,34.60064952745817,1.995815295815296,-0.008842703240144661,1.9449254861460368,,-0.056844962284749126
406,2002,PDLI,-0.014472268827349727,8.513617064952745,1.4685895640810231,-0.014331681674507104,1.5285586395475936,-102.3618343300691,-0.08917768449622848
407,2003,PDLI,-0.1625160874443213,17.509838361706493,5.330786747961508,-0.15022314115826427,5.034026253955205,-27.136842337211455,-0.7240139177684497
408,2004,PDLI,-0.03534944607403457,20.55155898383617,1.3228349905821544,-0.03500037550270455,1.3276136707682509,-138.0391488490689,-0.14895940139177685
409,2005,PDLI,-0.06481328352960186,28.296336155898388,0.5613546435871996,-0.065924736618691,0.5702288956375393,-94.46348782982918,-0.3187678959401392
410,2006,PDLI,-0.19187194278148867,20.052039633615593,0.606414940375735,-0.1739777361690558,0.6091095160428068,-54.9377557133315,-0.708178876789594
411,2007,PDLI,-0.030690884734343296,17.944135203963363,1.0521746121070825,-0.028484244498806086,1.023490700495395,-105.50416180691185,-0.19357081788767896
412,2008,PDLI,-0.1152653806772575,6.506805413520397,,-0.017073614788213114,1.023490700495395,18.997275886022013,0.3425116429182113
413,2009,PDLI,-0.06866160359463688,6.961322680541353,,-0.08137190780995254,1.023490700495395,38.944044971541736,0.18357125116429185
414,2010,PDLI,0.07545144394198322,6.1372651322680545,,0.05493688805307643,1.023490700495395,-28.967745595502905,-0.13754664287488352
415,2011,PDLI,-0.1906370396479221,6.138163726513227,,-0.19081108680416248,1.023490700495395,25.190938112658497,0.24483124533571252
416,2012,PDLI,-0.7252869851149407,7.095007816372652,,-0.6948875147727188,1.023490700495395,20.937926142492806,0.33976548312453364
417,2013,PDLI,0.538307677396047,8.390059500781636,,-0.08948063914030925,1.023490700495395,21.601831385666358,0.3893379765483125
418,2014,PDLI,0.11960593957479525,7.706738005950078,,0.13364160448032858,1.023490700495395,22.973202519490737,0.34801493379765486
419,2015,PDLI,0.14451283996597467,3.7036721738005958,,0.14206875549410955,1.023490700495395,6.438895942355693,0.5915148014933798
420,2016,PDLI,-0.013682400456433019,2.24112736721738,0.05731903648127335,-0.0105213700059079,0.057600351689406845,-27.07979140452341,-0.04616484851985065
421,2017,PDLI,0.02640532456938845,2.795597112736722,0.019619452593051107,0.02670382901304747,0.021369570779634757,18.724652735145266,0.15114138351514803
422,2018,PDLI,0.022306753140334267,2.8706855597112737,0.03112329613468742,0.02177297633217336,0.030649580043764228,23.303761938957727,0.11738411413835151
423,1962,PFE,,,,,,,
424,1963,PFE,,,,,,,
425,1964,PFE,,,,,,,
426,1965,PFE,,,,,,,
427,1966,PFE,,,,,,,
428,1967,PFE,,,,,,,
429,1968,PFE,,,,,,,
430,1969,PFE,,,,,,,
431,1970,PFE,,,,,,,
432,1971,PFE,0.04514451054975779,41.62625930421423,,,,,
433,1972,PFE,0.04410327547739305,42.867787625930426,,,,,
434,1973,PFE,0.045387909342593506,43.200911778762595,,,,,
435,1974,PFE,0.04068546246636525,32.023845091177876,,,,,
436,1975,PFE,0.04114886919097482,27.434977384509118,,,,,
437,1976,PFE,0.042600344979433914,29.452880997738454,,,,,
438,1977,PFE,0.042953814062798044,27.307257788099776,,,,39.26352991925763,0.6958344510382183
439,1978,PFE,0.04366463294013928,33.21284322577881,,,,43.20945919514977,0.7688495834451039
440,1979,PFE,0.040548854417093334,38.73752128432258,,,,48.07806417144399,0.8070168849583447
441,1980,PFE,0.04011013078030161,52.676598752128434,,,,60.339314566649826,0.8737017016884958
442,1981,PFE,0.0437463976945245,52.31484265987521,,,,53.49290191788201,0.9788373701701689
443,1982,PFE,0.04572435572567545,68.79121898426598,,,,60.911892431784715,1.135474883737017
444,1983,PFE,0.05382945545996412,36.61617912189843,,,,50.61101799011514,0.7222465474883738
445,1984,PFE,0.05147872845168432,41.515261617912195,,0.05170654696390305,,53.16150470660969,0.7811552246547488
446,1985,PFE,0.04706241665678458,50.314489026161795,,0.04784796996149928,,60.127762074861934,0.8379691155224654
447,1986,PFE,0.04608536266038231,60.822643948902616,,0.04669549552126617,,64.19075422173005,0.9487737969115523
448,1987,PFE,0.03498437740101419,48.91421976439489,,0.03637039139908088,,57.58485949038591,0.8464818773796912
449,1988,PFE,0.032730061590764206,57.61287892197644,,0.034541805330537766,,66.34884241737355,0.8847036481877381
450,1989,PFE,0.01910130864798042,69.3001362878922,0.10120481927710842,0.021825968991868096,,125.80220414717512,0.591766470364819
451,1990,PFE,0.030230241959107156,79.66986751362879,0.11337030191004313,0.031887823480611484,,84.0683911274612,0.9680091766470367
452,1991,PFE,0.00017784111556174968,82.06501698675137,0.12047346232839692,0.005386996832407877,,82.48701549643306,0.07917080091766479
453,1992,PFE,0.05865154460988519,72.70525650169867,0.12690668173180628,0.058311428231574924,,87.33456326671973,0.8329399170800917
454,1993,PFE,0.07398586355255071,68.12129552565017,0.1435753066559421,0.06220695121201756,,61.58903312242557,0.759602293991708
455,1994,PFE,0.07655812985450745,76.36978712955256,0.14598111417340623,0.07683105883070422,,73.35226902602881,1.0416999602293993
456,1995,PFE,0.07399337319023266,62.41768697871296,0.1546842546368837,0.07445070775857311,,96.78228655970844,0.645548169996023
457,1996,PFE,0.0719588806396345,82.53039176869788,0.1550632911392405,0.07242661824355492,,107.05202373435701,0.7712835548169997
458,1997,PFE,0.07033908987772595,73.67651553917686,0.17578125,0.07116079914447605,,185.97665524417945,0.39780512835548176
459,1998,PFE,0.07196367763904654,123.09277345155392,0.18054837040869115,0.08007469993986968,0.17901301421682292,515.9454537239304,0.24655878051283558
460,1999,PFE,0.1652976257454709,33.54068427734516,0.1482612158216087,0.161454378705887,0.14877906595309254,146.85857395040674,0.2288676558780513
461,2000,PFE,0.08833043045533714,45.91263531842773,0.15581051073279054,0.08776035712895061,0.15467513192393523,200.5767394288236,0.22751588676558784
462,2001,PFE,0.1069261466134587,39.87589626353184,0.1821515892420538,0.10713764114403979,0.18364943959788976,133.38066629463256,0.29900275158867656
463,2002,PFE,0.14325814536340853,30.479553589626352,0.16189863923711562,0.14111789846770895,0.1614057606414942,72.20264278064582,0.4233629002751589
464,2003,PFE,0.00920813129999847,34.86964195535896,0.17279359176083536,0.01094562378717413,0.17512303963487658,406.3408612283878,0.09409233629002753
465,2004,PFE,0.041374967046486424,27.29855196419554,0.1637740400723715,0.04205251141503074,0.1621721641346979,69.4161761396018,0.39339940923362904
466,2005,PFE,0.04164444512167248,23.50989285519642,0.156929943412768,0.040105808334483434,0.16799352100113962,72.93091459898044,0.3371973399409234
467,2006,PFE,0.13241682782589198,26.09840898928552,0.21693247639450924,0.12389008765953642,0.21123822883720417,117.53036746096136,0.2319187197339941
468,2007,PFE,0.04182789754929058,22.91117384089893,0.17663149667839,0.03889529503848973,0.17595165219911635,70.7353260630619,0.3729651918719734
469,2008,PFE,0.004606858330446831,17.776958117384094,0.1924295345625863,0.007599359082593374,0.1890016581221983,536.7655961490143,0.060796296519187235
470,2009,PFE,0.008480198129270504,18.00953569581174,0.17318401937046005,0.01190511006061146,0.17009233888713665,167.6553338715164,0.13212607962965195
471,2010,PFE,0.03274231008893672,17.44987595356958,0.16440013829664632,0.0306309031286693,0.16156314325910165,58.32948735156898,0.33683821260796293
472,2011,PFE,0.017416879485845003,21.27262398759536,0.1602750758936869,0.019680502369783085,0.15738969671273095,114.15951179488901,0.1921476838212608
473,2012,PFE,0.07731580107250423,25.03737776239876,0.1454898855373983,0.07348767020570572,0.14522713284122585,119.07891845117949,0.21979921476838216
474,2013,PFE,0.03352910467240929,30.432817737776244,0.13357427349166542,0.03479842625992405,0.13299872006663216,76.13458404569127,0.39994597992147685
475,2014,PFE,0.01715953198737818,30.995371281773778,0.24462570513797835,0.018878638689230513,0.2346648054925089,147.19523631554742,0.22220499459799217
476,2015,PFE,-0.002646235268777501,32.21508053712818,0.1706414180963907,0.0008584181080739316,0.1680601412920856,-959.2699713432414,0.0077442204994598385
477,2016,PFE,0.01295120320855615,32.62708750805371,0.18924273554446727,0.01390760385037234,0.18571786015733227,258.37469563737403,0.13121177442204995
478,2017,PFE,0.17129061069554538,36.14736170875081,0.16864920090491134,0.15886458280478424,0.16587049341388244,23.652766738823587,1.865362121177442
479,2018,PFE,-0.0061639323692713075,43.61337573617087,0.1910996637332761,0.00017732683346297204,0.18692657216279357,-554.9071838183723,0.005667536212117801
480,1990,PRGO,,,0.005153744475746692,,,,
481,1991,PRGO,0.039678191584388366,,0.00982425968721449,,,,
482,1992,PRGO,0.05572828674323627,,0.00940272154187615,,,,
483,1993,PRGO,0.0573267749893152,,0.008186618204332944,,,,
484,1994,PRGO,0.039769158169975095,,0.010273521786161938,,,,
485,1995,PRGO,0.03330713383924831,,0.011408471026065844,,,,
486,1996,PRGO,0.0337430343838341,,0.016561026774637402,,,,
487,1997,PRGO,0.03405699034757228,,0.012457526439531774,,,,
488,1998,PRGO,0.021883256528417824,,0.01703070479964267,,,,
489,1999,PRGO,0.030901481095249497,,0.01931356134895958,,,,
490,2000,PRGO,0.0022542893352870508,,0.01830651543128462,,0.018707464056319723,,0.020705736341257542
491,2001,PRGO,0.03753299617614407,12.161410855739856,0.02801560163362397,0.036621447481821175,0.027684719490579202,63.72791026154648,0.19524807057363414
492,2002,PRGO,0.039519021496429795,12.020671141085575,0.02338685220265382,0.039781438433464954,0.023783346562687643,49.740969400243735,0.23963552480705735
493,2003,PRGO,0.07614410323814076,15.446354067114111,0.025006366800470536,0.07185481116806981,0.025308364273404094,34.08006397259275,0.4984439635524807
494,2004,PRGO,0.02754425201999297,17.58281963540671,0.036886092441648,0.02780876453226077,0.036136051258632215,79.9869364196198,0.22085584439635525
495,2005,PRGO,0.04188192948130536,14.851353281963542,0.033989719124707746,0.0389903970198495,0.036154897438918185,57.11165209170001,0.25035708558443964
496,2006,PRGO,0.03046197092765426,17.2583641353282,0.040207323226191145,0.029918539277894743,0.0400590569982329,77.36770145101033,0.22459303570855846
497,2007,PRGO,0.04200045076164019,33.624339836413526,0.04115393145855162,0.042019006777202474,0.04147373571738994,93.8396367701451,0.3583844593035709
498,2008,PRGO,0.03026794635017711,32.863649433983646,0.03708653898060882,0.031398180215152234,0.03741791122666531,121.21595126861025,0.2743738384459304
499,2009,PRGO,0.061349501389652505,39.181753364943404,0.035517019358715714,0.06041242648672221,0.03796767873883993,59.049334922857945,0.6651274373838447
500,2010,PRGO,0.0689329072505428,63.3651961753365,0.03429057232252984,0.06805942736116989,0.03383811871261472,67.7771306641087,0.9405305127437383
501,2011,PRGO,0.06115914106539629,97.17863451961753,0.03716191226123579,0.059715156698204666,0.03621551408066006,95.21525778770875,1.0306660530512743
502,2012,PRGO,0.050252316856852865,105.24636686345197,0.032077367125766885,0.05068876273434314,0.03240094774845123,93.94676552449508,1.1202700666053051
503,2013,PRGO,-0.010127981931962547,150.42459063668636,0.04443309499489275,-0.00454858776960955,0.04350715386849113,-148.37022607154805,-0.6643759729933393
504,2014,PRGO,0.007225790513833992,165.42717645906367,0.049645390070921995,0.007638660070618966,0.04848606457341302,315.47241051640844,0.5328775624027008
505,2016,PRGO,-0.2281287766885994,84.16615707717646,0.03380154735972358,-0.22502269261656105,0.03435915132128996,-8.8582296143822,-9.567871297122439
506,2017,PRGO,0.011862703788934626,86.81034761570771,0.036552100381887616,0.011222938324676551,0.03609939046491433,174.16116674168128,0.4909832128702878
507,2018,PRGO,0.01436107337555795,41.98687703476158,0.037315930388219544,0.011921320951802272,0.0384596437691819,47.79373165001301,0.49880209832128697
508,1990,REGN,-0.047521850630658925,,1.7310344827586208,,,,
509,1991,REGN,-0.0199265813253012,,2.471548738248392,,,,
510,1992,REGN,-0.07313574977338703,,5.3376,,,,
511,1993,REGN,-0.11693499207220395,,5.643879173290938,,,,
512,1994,REGN,-0.08505911645867813,,0.898201897210817,,,,
513,1995,REGN,-0.11509667531242629,,1.008731082654249,,,,
514,1996,REGN,-0.07615191104544053,,1.3043230944254833,,,,
515,1997,REGN,0.0037941784199802737,,0.7297803684813158,,,,
516,1998,REGN,-0.04222454220549125,,1.3137953795379538,,,,
517,1999,REGN,-0.012617317313661761,,0.839179073092775,,0.87681306839306,,-0.052927507690780765
518,2000,REGN,-0.04642288475264921,,0.8909964989287766,-0.04347249944015308,0.9038686807608208,,-0.2160322927507691
519,2001,REGN,-0.10654202098702859,27.680915893707674,6.839354692115429,-0.10243777484437933,6.5996479156720085,-44.333744991069544,-0.6297966032292751
520,2002,REGN,-0.24450442180831747,18.029849091589373,7.014454397394137,-0.23777966720378765,6.837993355791951,-22.41913849693789,-0.8032949796603229
521,2003,REGN,-0.140777228046468,14.979710984909161,1.5638867995487027,-0.14465756134443541,1.6246722076034046,-41.12870296167362,-0.36798232949796605
522,2004,REGN,0.015295026377346706,9.178689971098493,0.7387768103631344,0.007774025681189306,0.7579277393340929,161.51691731838307,0.025577201767050185
523,2005,REGN,-0.2602761355063947,15.24512686899711,2.175792011019284,-0.2586072633691321,2.211139332098488,-28.584441453429452,-0.5371804422798233
524,2006,REGN,-0.1429712312578477,19.6069715126869,3.457761453701914,-0.17089970945828986,3.3303737526428363,-38.68424648846657,-0.506276718044228
525,2007,REGN,-0.028398733778437296,23.519698697151266,1.001467634790669,-0.04836088489062447,1.13029869448229,-117.80093778707929,-0.22375462767180448
526,2008,REGN,-0.0704520928633503,18.638282969869714,1.335458566900084,-0.06773876786865392,1.311842354259998,-53.51412955323817,-0.3569173754627672
527,2009,REGN,-0.09196697264354953,23.674617828296988,1.2271694214876034,-0.08335454677092877,1.1957562404004811,-221.92854180197148,-0.41681669173754626
528,2010,REGN,-0.02765552324204503,32.240088461782825,0.9366897325603142,-0.03434619478774354,0.9574744386299995,-180.55344882714704,-0.1930736816691738
529,2011,REGN,-0.11002569318060162,55.67906000884618,1.0493100335835155,-0.1133852090153668,1.0694225305291174,-94.55530399618732,-0.5898703073681669
530,2012,REGN,0.3777201427670962,168.84090590600087,0.43662114509819056,0.36249824727542923,0.43127314166815595,48.137303630685544,3.8331400129692628
531,2013,REGN,0.04959130689583807,278.0738667905906,0.43927707843227193,0.05278270636899354,0.43322232626925444,313.3116412461123,0.8948033140012971
532,2014,REGN,0.035438034082975224,404.51208938667907,0.4384049436079215,0.03523396368892891,0.4408819812435537,521.2782819014891,0.7759884803314001
533,2015,REGN,0.042407910393815106,535.4835532089387,0.42001608266086987,0.044461977905081114,0.4156332929081332,391.0000586886041,1.3856815988480333
534,2016,REGN,0.05688942730732966,370.0838143553209,0.39060601046439314,0.056987895143044455,0.3961518853557761,168.90095043342643,2.192079568159885
535,2017,REGN,0.028241666202805372,383.4108273814355,0.3336497209701178,0.03187644237250564,0.33556334224180856,239.19850662433413,1.6810232079568161
536,2018,REGN,0.09367647562604912,375.96677508273814,0.3118860543926565,0.09186992692745106,0.3141240962592499,54.79015736191409,6.947592102320796
537,1988,TECH,,,0.09650529015710163,,,,
538,1989,TECH,0.057761732851985555,,0.09917355371900827,,,,
539,1990,TECH,0.058845299777942256,,0.09727463312368974,,,,
540,1991,TECH,0.032723666813574255,,0.1323108384458078,,,,
541,1992,TECH,0.0658144870534251,,0.13415877640203933,,,,
542,1993,TECH,0.04199501754029183,,0.16891592920353982,,,,
543,1994,TECH,0.05310690852952527,,0.18433098591549296,,,,
544,1995,TECH,0.0516824347080616,,0.19672393128246105,,,,
545,1996,TECH,0.054388310572056155,,0.20452494968422513,,,,
546,1997,TECH,0.057087584180461004,,0.16260582950946809,,,,
547,1998,TECH,0.041338696108146736,20.519674064158195,0.13706671636228104,0.04172905508822524,0.13654347975603967,120.39380922098168,0.17065772329481138
548,1999,TECH,0.05073494547178758,52.63641446740642,0.10590201774983087,0.05039536107668597,0.10832742542248387,203.95986233242712,0.2570750657723295
549,2000,TECH,0.04475364027891715,43.77361364144675,0.13466726618705036,0.04541918279111394,0.13285553436061928,234.76945848623328,0.17944970750657727
550,2001,TECH,0.043327271419617994,36.134089861364146,0.13838841249959855,0.04360194769807072,0.13782499227093328,180.5194911503941,0.20021394497075068
551,2002,TECH,0.04387187866301993,28.944706408986136,0.14951951951951953,0.043941950907440706,0.14848262360922165,98.31153003607153,0.2296550213944971
552,2003,TECH,0.04650550772585435,37.21182757064091,0.14243152832950032,0.04689651341608118,0.14133756637105788,124.01023718526169,0.3000829655021394
553,2004,TECH,0.044939289529512656,38.87768218275706,0.1093332070916278,0.04498245444742831,0.1099514110689688,108.6957914333824,0.35782500829655023
554,2005,TECH,0.058250235448904945,56.053439768218276,0.09523412938016614,0.058348839190170046,0.09554753179433984,133.0678323217743,0.42137078250082965
555,2006,TECH,0.04841471197098698,55.00041134397683,0.09605972309508845,0.04903703996466894,0.09571307300990058,116.38831161472291,0.4729201370782501
556,2007,TECH,0.05047239807411045,65.6939800411344,0.08950468282321135,0.05040725935418127,0.08945472706322188,109.84830607254078,0.5980072920137078
557,2008,TECH,0.05617678254624323,65.3225033980041,0.09447928114293103,0.0563935160152714,0.09356041233689326,103.51518340485457,0.6316438007292015
558,2009,TECH,0.05060117163992746,67.96446125033981,0.0975412463179744,0.05122108274350938,0.09703001787811236,102.23234391608582,0.665649164380073
559,2010,TECH,0.04896150098904668,65.23976844612504,0.09752171087611508,0.04912644512850075,0.09747106136401884,91.89393502356745,0.709959564916438
560,2011,TECH,0.0432012398201859,68.37618497684463,0.09157268757868794,0.04357314681884355,0.09097792829115818,97.10751291006406,0.7042669959564917
561,2012,TECH,0.03651782050636009,68.7183276184977,0.0985975520424064,0.036672470329303916,0.09859638376352875,99.3740626550509,0.6915044266995957
562,2013,TECH,0.03347236175533848,93.09805683276186,0.09430234357332445,0.033913505400623434,0.09386708288735583,135.9207724164858,0.6864091504426701
563,2014,TECH,0.04046512534696752,92.49877280568329,0.08955943831064424,0.03947408510096642,0.089019375808045,107.85477983913856,0.8659136409150443
564,2015,TECH,0.030188837883885315,90.30714087728057,0.0907887880767863,0.02991919917015072,0.09169874230760834,132.43080351460102,0.6829615913640915
565,2016,TECH,0.008385612409089428,103.51102871408773,0.10076096110221765,0.009738093125931123,0.10034686480226933,484.03417834605193,0.23200729615913646
566,2017,TECH,0.048953768168375225,128.63443610287143,0.09024151330171973,0.045830451988430804,0.09053234492710929,117.92123772415513,1.206014200729616
567,2018,TECH,0.01601112707207515,150.09824944361029,0.09061371841155236,0.01619092411724573,0.09050281723717585,331.7681241750545,0.455808601420073
568,1986,TEVA,,,,,,,
569,1987,TEVA,0.052245267424928174,,,,,,
570,1988,TEVA,0.024896682880444717,,,,,,
571,1989,TEVA,0.03330113499154794,,0.043557168784029036,,,,
572,1990,TEVA,0.04597528452841529,,0.04676606368946674,,,,
573,1991,TEVA,0.039472658208107296,,0.04164881717359227,,,,
574,1992,TEVA,0.04690526470764149,,0.04230982691040271,,,,
575,1993,TEVA,0.06032706862320679,,0.058717315779850066,,,,
576,1994,TEVA,0.05539232580010165,,0.06391019574637645,,,,
577,1995,TEVA,0.03632330786481566,45.35581885509342,0.06681756372214669,0.03772242144861595,,185.2919886906337,0.24779570876226803
578,1996,TEVA,0.056557378580730996,49.778810581885516,0.08712876992559192,0.05599537063690376,,137.21937064313914,0.47648477957087626
579,1997,TEVA,0.0004014589606129593,48.23597788105819,0.1378117292408879,0.006133353843121864,,4267.902070637045,0.06665664847795713
580,1998,TEVA,0.0020997988134999626,40.38748609778811,0.08034529447030374,0.005594885435944494,0.07901809832623252,620.2781828464365,0.09379566566484783
581,1999,TEVA,0.05395931564057659,69.53460749860977,0.10408418969002696,0.05133514652179107,0.09987928841424296,117.4796113312157,0.6069333795665665
582,2000,TEVA,0.047658985431701946,73.05134721074985,0.05925114422986049,0.046827721684939656,0.060173075436310515,191.54868546113315,0.39327069333795667
583,2001,TEVA,0.0575713332190758,61.524667634721084,0.05215052815349075,0.057723952848015396,0.051486676536380664,104.72707666252316,0.5878293270693338
584,2002,TEVA,0.07441530829199149,41.435375466763475,0.06816411321734614,0.07279694494205434,0.06777788060309409,78.9621630828216,0.520654782932707
585,2003,TEVA,0.056521343405843284,56.74072853754668,0.06772823779193206,0.05768286136267876,0.0676577707413344,92.79984150541358,0.6129520654782934
586,2004,TEVA,0.05163154190895959,29.876827072853757,0.07007862110674327,0.05127445558871907,0.07083597779912038,72.52581068628697,0.4082652952065478
587,2005,TEVA,0.05039419532915723,42.02793868270729,0.06980728051391863,0.05012137538397516,0.06987108708151393,94.39864994948967,0.4446228265295207
588,2006,TEVA,0.04114699830008052,31.36567479386827,0.08154035303416175,0.04252362628158834,0.07993112017342374,54.56092944486537,0.5746944622826531
589,2007,TEVA,0.04142441860465116,46.24237356747939,0.06521739130434782,0.04134306606080549,0.06464230587799001,67.55462965660908,0.6847054694462283
590,2008,TEVA,-0.04242053789731051,42.89249523735675,0.4238061797752809,-0.034031035030737886,0.3892898361428451,-37.31356276880256,-0.7166195294530553
591,2009,TEVA,0.019679111064956643,55.60129424952374,0.06365071015255129,0.02102190737383326,0.0627782141111343,127.54710361909257,0.44840733804705474
592,2010,TEVA,0.03504226888464685,52.19474212942496,0.0631507469443187,0.03629682965819941,0.06248090068570453,59.94106536839258,0.8771758407338047
593,2011,TEVA,0.02264691402228886,40.15815247421295,0.06536293164200141,0.024227630843912374,0.06441865008003204,67.71639022714784,0.6123037175840734
594,2012,TEVA,0.013993965102549525,37.73242981524743,0.005143836921318346,0.012661422903106775,0.018601359459531785,49.824152368017856,0.3347442303717584
595,2013,TEVA,0.016787418271779465,39.86448524298153,0.07569060773480663,0.0178047771868493,0.07499438836287965,83.59543864019491,0.47652947442303717
596,2014,TEVA,0.029415542710340397,57.1198224485243,0.0733359133126935,0.030121029772294184,0.0740179864767236,70.04669453372202,0.8204606529474424
597,2015,TEVA,0.01670732114812711,64.75108198224486,0.09137471829543127,0.015672241836051124,0.08974065224143248,150.71502639772513,0.5120200460652948
598,2016,TEVA,-0.027805561112222446,37.27260410819823,0.10536044362292052,-0.023931935857280217,0.10676319191999879,-15.207651725657627,-0.9650907979953934
599,2017,TEVA,-0.615364097092558,18.97058826041082,0.35587254538718044,-0.5538609343643709,0.32967847614201207,1.550226713836427,-10.275243509079798
600,2018,TEVA,-0.18272761808281626,16.052758058826043,0.07699056810704102,-0.16552024561357198,0.0830678143108168,-12.946385651830411,-2.591560524350908
601,1998,UTHR,-0.2592348284960423,,74.18518518518519,,,,
602,1999,UTHR,-0.16469402232759586,,28.843636363636364,,,,
603,2000,UTHR,-0.13577690872376863,,34.65145754119138,,,,
604,2001,UTHR,-0.03781587482624657,,4.018518518518518,,,,
605,2002,UTHR,-0.015175523424483564,,0.6847799360708139,,,,
606,2003,UTHR,-0.019193514737877386,,0.7191317144959529,,,,
607,2004,UTHR,0.035953578659542046,,0.34705964003146256,,,,
608,2005,UTHR,0.10690580221154335,,0.31925373637866467,,,,
609,2006,UTHR,0.2712872545282152,,0.40014402304368696,,,,
610,2007,UTHR,0.006475974330881202,,0.29566930448428996,,,,0.1338441489561679
611,2008,UTHR,-0.1582587869590286,,2.3694471540428674,-0.13981685462928964,2.1583967079106716,,-3.070426615585104
612,2009,UTHR,-0.005015883631499749,52.610223753012676,0.37670648072491575,-0.00289060844417228,0.37176758604849935,-776.9651151566851,-0.03577604266155849
613,2010,UTHR,0.010666452085903833,62.433248022375295,0.3782454639868043,0.014249788484364466,0.3641492028468428,255.6768292417058,0.2732634223957339
614,2011,UTHR,0.0450180847848067,46.46156132480224,0.2491879207697589,0.04812125015999206,0.25227047402845765,58.4273971212278,0.8226363263422397
615,2012,UTHR,0.07604147733552051,53.59868315613249,0.15370544301668873,0.0757010048547752,0.16417304958663115,33.86378838572544,1.5847032636326344
616,2013,UTHR,-0.023241389515230644,109.52102286831561,0.4205704162730912,-0.015957550870249623,0.4021307225114612,-163.1154691871125,-0.41979052967363656
617,2014,UTHR,0.09160665437185024,129.01148910228684,0.20637885686404148,0.08149839287282788,0.21935375187028666,32.25706077497277,1.9263450209470323
618,2015,UTHR,0.06541693261075725,154.49424264891027,0.18758382216733557,0.08797153735772976,0.1726512534555936,68.78868100882448,2.7386586345020953
619,2016,UTHR,0.0592310170765761,140.78321642426488,0.16356968215158926,0.06233359500182641,0.158116856511798,56.40331246579273,2.5461398658634504
620,2017,UTHR,0.008958038661008957,145.00559032164242,0.24503882657463327,0.019768367325784696,0.2326641614279333,310.44784998986853,0.9438056139865867
621,2018,UTHR,0.023256642210983686,110.65317455903218,0.3639223911903514,0.02516139145482081,0.3513498312734859,71.28390747743444,1.5907273805613988
622,1990,VRTX,-0.22111324376199612,,2.19,,,,
623,1991,VRTX,-0.02620338268814527,,2.7192118226600988,,,,
624,1992,VRTX,-0.06152793614595211,,3.4349680170575696,,,,
625,1993,VRTX,0.17722132471728597,,0.44458676765426597,,,,
626,1994,VRTX,-0.046730123817288916,,1.7922153369481024,,,,
627,1995,VRTX,-0.01010882822028333,,1.0297066014669927,,,,
628,1996,VRTX,-0.0295507009310076,,1.6300290335960184,,,,
629,1997,VRTX,-0.0246303455422263,,1.9512973497988069,,,,
630,1998,VRTX,-0.051163225188049326,,2.263684078980255,,,,
631,1999,VRTX,0.008196564611869964,,0.6748957402442657,,,,-0.0009371933449436799
632,2000,VRTX,-0.0077178163697314795,,0.6541536015545643,-0.015453152891186137,0.6591996979624897,,-0.06539895277683366
633,2001,VRTX,-0.006858090127085038,24.240357396008832,0.8337700145560408,-0.008746631406221797,0.8450032115531935,-123.47470202803785,-0.20787955271853167
634,2002,VRTX,-0.0847454045501491,16.1031180357396,1.3435958340946466,-0.08411140759426357,1.3531774736170048,-38.36842642151925,-0.4204017879571846
635,2003,VRTX,-0.21275635873369816,10.565306311803575,2.2594377134303225,-0.22765378082995336,2.2189268632989694,-18.680040760765877,-0.5906400401787959
636,2004,VRTX,-1.206766174769336,10.565094530631182,0.4628843981423371,-1.1369072662615656,0.5347717478614985,-19.737624231182306,-0.535667064004018
637,2005,VRTX,-0.1594265310900759,27.075630509453063,0.385908777213125,-0.19558138316911264,0.42235756464706303,-68.24917000302463,-0.4226575667064005
638,2006,VRTX,-0.05404646841985632,37.072528563050945,0.5126360684957667,-0.06203054802803671,0.5410992722886161,-160.1998200009924,-0.24635426575667066
639,2007,VRTX,-0.31608028161226714,24.649883252856306,1.3057734546595545,-0.3161918414347556,1.3364102247673735,-36.23091720505144,-0.6765906354265757
640,2008,VRTX,-0.5958455085107629,30.658795988325288,2.901770747615129,-0.573452724602465,2.8840419152336176,-32.18791887617798,-0.9543556590635427
641,2009,VRTX,-0.14470249355586648,42.328652879598835,3.1051373602053762,-0.15472382169386042,3.2043053121198817,-49.25881883341586,-0.8595414355659065
642,2010,VRTX,-0.35793981026761357,34.975415865287964,2.012819730175203,-0.3534159421395554,2.334544856616872,-38.36697736473784,-0.9134329541435566
643,2011,VRTX,0.16429521331687225,34.40494454158653,0.2670465438278837,0.1711665560154119,0.2723258301311307,43.709579907712794,0.7492756567045856
644,2012,VRTX,-0.061689169155091365,43.283729494454164,0.5362641245052306,-0.05999327339098922,0.531371113928355,-127.90613517211321,-0.3416280724343295
645,2013,VRTX,0.03264880327040964,74.46814137294945,0.6790723237754054,0.02124727192794224,0.7068684231766411,-758.9247314566363,-0.13218116280724346
646,2014,VRTX,-0.1611555734763265,117.95111481413731,1.3936675060184287,-0.1596725564636395,1.3667902232694298,-159.917894606691,-0.7378332181162808
647,2015,VRTX,-0.06741872007666226,123.84888811148141,0.7421752186344767,-0.07044660310171016,0.7531708859472189,-403.09098798964607,-0.3129407833218117
648,2016,VRTX,0.02461905662196204,75.01000588881115,0.5416366910395766,0.018726735774891562,0.5530198500055132,457.52869802789786,0.1000757059216678
649,2017,VRTX,0.04929917456052129,149.82334600058888,0.47060773378921295,0.03945203655007262,0.5244599331607521,329.17029704513965,0.31563100757059215
650,2018,VRTX,0.34959549765816805,168.17690433460007,0.5032501787138578,0.31935376928530396,0.49536787160081713,61.800662953769326,5.425960563100757
651,1993,VVUS,-0.14883720930232558,,inf,,,,
652,1994,VVUS,-0.16108864465229364,,inf,,,,
653,1995,VVUS,-0.14734950584007186,,inf,,,,
654,1996,VVUS,-0.10258409445310761,,inf,,,,
655,1997,VVUS,0.047171790526910354,,0.12766151046405821,,,,
656,1998,VVUS,0.047977118604973015,,0.2035938903863432,,,,
657,1999,VVUS,0.33304414883362243,,0.15903890160183068,,,,
658,2000,VVUS,0.10056389104748238,,0.13258457745514313,,,,
659,2001,VVUS,-0.003411028993746447,,0.4476405339349501,,,,
660,2002,VVUS,-0.047869710629635014,,0.4843452909113956,,,,-0.055854309137460124
661,2003,VVUS,0.04327120132721773,,0.1971971971971972,0.04540979203141489,,,0.06218441456908625
662,2004,VVUS,-0.028871818240999932,4.448672489151727,0.39966423069326484,-0.04155123501835202,,-203.63053140914187,-0.0311247815585431
663,2005,VVUS,-0.03898349686102027,3.0234008672489154,0.3234903782349038,-0.05725357659268644,,-135.89253211828628,-0.031611112478155866
664,2006,VVUS,-0.01507339104252917,3.6289493400867254,0.2592993860599494,-0.044338720036762876,0.3401324911633285,-165.7788627147503,-0.030963161111247823
665,2007,VVUS,0.17225389333023086,5.1604498949340085,0.3712235522918553,0.1560350864092427,0.3851820914002224,49.26352704996877,0.15368990368388888
666,2008,VVUS,-0.05100866529993216,5.568663044989494,0.7882218132574048,-0.04536890362308336,0.7709002777416172,-51.55856994208242,-0.08955263100963161
667,2009,VVUS,-0.07075608110279233,9.2769648663045,inf,-0.07429908400513066,4.352758597039151,-47.11374322197477,-0.19944895526310097
668,2010,VVUS,-0.04932501022711777,9.13028469648663,inf,-0.05783220243728498,4.352758597039151,-39.76416122654438,-0.2294389448955263
669,2011,VVUS,-0.08124946840180318,9.581044028469648,inf,-0.07966179790350589,4.352758597039151,-70.35827284469683,-0.13693094389448957
670,2012,VVUS,-0.2541799568433756,13.958842104402848,3.9360730593607305,-0.24279488965661178,24.1990908078444,-26.753012970141615,-0.5423536930943894
671,2013,VVUS,-0.11191309847492,9.133515884210441,0.11335315613863857,-0.1319187196941499,0.14859880268324932,-50.04154732732869,-0.2016812353693095
672,2014,VVUS,-0.3083812016772099,2.993539351588421,0.12470090189582184,-0.293054097030311,0.12087306814930117,-12.916164154732733,-0.2409051681235369
673,2015,VVUS,1.7195483415666952,1.089353353935159,0.21358274131525778,1.2285345420063938,0.19885895106147872,-8.694301616415473,-0.12597909051681236
674,2016,VVUS,3.110420676381633,1.1490489353353937,0.021649043457001402,2.8251965532936274,0.03171162656321657,0.6736608728686599,0.47678940209094833
675,2017,VVUS,1.0789248233026383,0.5535429048935336,0.10082907629176785,-0.5703641005449132,0.09675890635639128,-6.193594172374253,-0.09653132105979091
676,2018,VVUS,0.11243534967393742,2.4106206642904895,0.08948990752709556,0.1285488823319678,0.09234404560217736,-5.29147578454039,-0.45747965313210603
