Month,S/L,S/M,S/H,B/L,B/M,B/H,Russell 3000,T-Bill,RMRF,ΔTerm Spread,ΔYield Spread,%Δ in Oil Price
197901,8.56,7.9,9.59,3.24,5.08,6.75,4.90,0.77,4.23,-1.31,0.88,0
197902,-3.44,-2.23,-1.91,-3.71,-2.37,-2.84,-2.77,0.73,-3.56,-1.14,0.82,6.73
197903,11.66,8.33,8.5,5.71,5.69,7.53,6.61,0.81,5.68,-1.13,0.89,0
197904,1.65,3,3.31,0.19,0.6,0.64,0.73,0.8,-0.06,-0.94,0.95,0
197905,-2.66,-0.76,-0.53,-1.83,-1.28,-1.33,-1.37,0.82,-2.21,-0.87,0.97,14.2
197906,5.72,5.96,6.11,3.1,5.53,5.67,4.69,0.81,3.85,-0.66,1.09,5.52
197907,2.02,4.07,3.04,0.61,1.74,3,1.50,0.77,0.82,-0.69,1.09,13.87
197908,9.08,7.33,7.37,6.77,5.39,5.37,6.55,0.77,5.53,-0.95,1.12,21.84
197909,0.77,-1.1,-1.03,-0.84,0.99,-0.77,0.21,0.83,-0.82,-1.51,1.1,7.55
197910,-9.23,-10.59,-11.33,-6.69,-6.11,-8.31,-7.23,0.87,-8.1,-2.14,1.27,1.75
197911,10.9,6.85,6.85,6.54,5.72,4.1,6.19,0.99,5.21,-1.74,1.23,6.9
197912,8.12,5.23,5.14,2.94,1.1,1.95,2.79,0.95,1.79,-1.59,1.32,4.84
198001,7.89,7.76,8.48,4.9,6.37,7.92,6.36,0.8,5.51,-1.26,1.33,0
198002,-0.42,-2.87,-2.72,-3.1,2.13,0.44,0.00,0.89,-1.22,-1.51,1.19,13.85
198003,-19.3,-16.07,-17.32,-8.94,-10.76,-13.05,-11.91,1.21,-12.9,-3.07,1.49,2.7
198004,6.13,6.43,5.87,3.74,5.67,6.11,5.02,1.26,3.97,-1.83,2.15,3.95
198005,8.07,7.91,8.08,5.68,5.46,6.45,6.10,0.81,5.26,0.79,2.18,0
198006,5.33,4.35,4.3,3.11,3.51,2.37,3.58,0.61,3.06,1.62,2.13,0
198007,13.32,9.58,7.22,9.33,5.21,2.83,7.04,0.53,6.49,1.6,1.58,0
198008,8.48,4.98,3.64,2.19,1.4,1.75,2.25,0.64,1.8,0.86,1.51,-3.8
198009,5.25,2.96,0.86,4.16,3.26,-1.02,2.96,0.75,2.19,-0.01,1.68,-5.26
198010,5.83,2.37,3.03,1.83,2.82,-0.84,2.26,0.95,1.06,-0.74,1.92,0
198011,12.63,4.43,2.6,11.63,13.4,4.96,10.37,0.96,9.59,-1.47,1.67,0
198012,-5.31,-1.82,-1.34,-2.17,-4.68,-0.78,-3.64,1.31,-4.52,-2.04,1.93,2.78
198101,-3.78,0.77,2.26,-5.99,-5.38,1.65,-4.04,1.04,-5.04,-1.51,2.22,2.7
198102,-0.7,2.37,2.78,2.81,1.3,1.26,1.63,1.07,0.57,-1.38,2.02,0
198103,7.68,8.01,7.65,3.8,3.62,5.17,4.42,1.21,3.56,-0.59,2.01,0
198104,2.55,3.55,3.86,-2.18,-2.14,1.03,-1.29,1.08,-2.11,-0.64,1.68,0
198105,4.93,2.95,1.7,0.85,-0.48,3.22,1.13,1.15,0.11,-2.1,1.63,0
198106,-5.74,0.73,1.3,-3.23,2.08,-0.01,-1.05,1.35,-2.36,-1.39,2.05,-5.26
198107,-2.76,-2.37,-1.64,1.39,-0.57,-1.05,-0.21,1.24,-1.54,-1.44,1.79,0
198108,-10,-5.91,-4.69,-6.82,-5.48,-2.45,-5.72,1.28,-7.04,-1.78,1.45,0
198109,-10.27,-6.52,-4.89,-6.37,-5.98,-1.35,-6.30,1.24,-7.17,-1.2,1.43,0
198110,10.45,6.68,5.78,8.15,3.96,4.4,6.04,1.21,4.92,-0.23,1.71,-2.78
198111,0.88,4.92,4.61,4.07,5.08,4.14,4.56,1.07,3.36,0.98,2.17,2.86
198112,-2.36,-0.96,-1.5,-3.12,-2.72,-2.5,-2.79,0.87,-3.65,0.87,2.32,-2.78
198201,-4.87,-3.3,-0.84,-1.89,-3.67,0.43,-2.59,0.8,-3.24,0.27,1.92,-3.29
198202,-7.47,-3.04,-0.74,-7.41,-3.36,-1.95,-5.09,0.92,-5.86,-0.3,1.91,-6.77
198203,-2.19,-0.44,1.49,-1.96,-0.53,1.93,-0.90,0.98,-1.87,-0.09,2.24,-9.76
198204,6.53,5.67,4.13,5.73,3.5,2.58,4.22,1.13,3.27,-0.11,2.32,17.45
198205,-3.57,-2.27,-0.96,-3.47,-2.29,-2.45,-2.71,1.06,-3.99,0.28,2.38,7.41
198206,-3.59,-1.61,-1.37,-2.52,-1.16,-1.67,-2.43,0.96,-3.09,0.23,2.11,-2.39
198207,-2.41,-0.55,-1.03,-0.62,-4.2,-1.69,-2.04,1.05,-3.19,0.71,2.19,-2.59
198208,8.14,8.94,8.13,11.01,13.18,13.34,11.98,0.76,11.14,1.63,2.61,-0.61
198209,2.64,4.75,5.24,1.94,2.02,0.02,1.69,0.51,1.29,1.49,2.69,4.95
198210,15.89,13.25,11.6,12.78,11.2,9.7,11.87,0.59,11.3,1.59,2.61,0.14
198211,10.02,8.42,9.23,7.08,2.31,3.95,5.16,0.63,4.67,1.39,2.62,-4.29
198212,1.3,1.21,0.85,1.14,1.15,1.61,1.50,0.67,0.55,1.63,2.31,-7.12
198301,9.71,5.45,4.92,2.81,3.3,5.88,3.86,0.69,3.6,1.84,2.15,-1.67
198302,4.29,6.58,7.07,3.65,2.37,2.21,3.14,0.62,2.59,1.8,1.94,-7.18
198303,2.65,6.36,6.27,2.48,4.49,3,3.44,0.63,2.82,1.47,1.88,-0.45
198304,7.84,7.99,7.63,5.72,9.03,7.12,7.26,0.71,6.67,1.42,1.78,6.21
198305,7.94,5.37,5.03,-0.18,0.12,-0.07,1.15,0.69,0.52,1.48,1.63,-1.99
198306,5.63,4.42,2.4,5.28,3.66,0.78,4.03,0.67,3.07,1.19,1.63,3.33
198307,-5.84,-0.06,1.29,-5.2,-2.7,-1.09,-3.08,0.74,-4.07,1.18,1.24,2.13
198308,-4.81,-2.82,-0.33,-1.32,0.97,5.29,0.53,0.76,-0.5,1.32,1.13,0.79
198309,0.09,2.5,3.99,2.58,1.46,0.85,1.66,0.76,0.91,1.49,1.18,-2.51
198310,-9.03,-4.39,-2.19,-3.59,-0.92,-0.3,-2.72,0.76,-3.44,1.73,1.21,-2.25
198311,4.71,4.2,4.39,2.81,2.46,1.91,2.89,0.7,2.16,1.75,1.2,-1.87
198312,-3.15,-0.45,0.2,-0.68,-1.14,-0.69,-1.01,0.73,-1.78,1.72,1.18,-2.01
198401,-4.23,-0.27,2.09,-5.32,0.58,3.62,-1.64,0.76,-1.92,1.77,1.45,1.54
198402,-6.98,-4.99,-3.55,-4.74,-4.21,-1.44,-4.09,0.71,-4.82,1.8,1.51,1.53
198403,0.16,1.35,2.29,1.57,1.59,0.41,1.40,0.73,0.63,1.73,1.42,2.04
198404,-1.25,0.08,-0.02,0.46,0.17,1.8,0.37,0.81,-0.51,1.73,1.5,-0.46
198405,-5.98,-4.79,-4.39,-4.81,-4.57,-5.88,-5.29,0.78,-5.97,1.75,1.46,-0.32
198406,4.53,2.08,1.08,4.41,1.57,2.66,2.54,0.75,1.82,1.48,1.5,-1.81
198407,-5.58,-2.99,-3.26,-0.98,-1.89,-2.32,-1.93,0.82,-2.74,1.33,1.71,-4.05
198408,13.38,10.3,9.53,11.29,11.24,11.44,11.48,0.83,10.28,0.9,1.76,1.73
198409,-2.71,1.45,2.31,-2.41,-0.38,3.22,-0.02,0.86,-0.8,0.94,1.69,0.21
198410,-2.23,-0.3,0.04,0.77,0.83,-0.49,0.07,1,-0.84,1.26,1.31,-1.86
198411,-4.54,-0.28,0.38,-2.24,-1.33,0.99,-1.10,0.73,-1.76,1.75,1.19,-2.32
198412,2.04,1.66,2.13,2.67,2.71,2.24,2.48,0.64,1.84,2.17,1.27,-9.5
198501,15.02,9.97,8.68,10.12,8.13,5.6,8.52,0.65,7.99,2.36,1.18,0.83
198502,2.93,2.85,1.73,1.3,1.67,2.25,1.73,0.58,1.22,2.22,1.1,6.36
198503,-3.29,-1.22,1.4,-1.28,-0.61,2.22,-0.24,0.62,-0.84,2,1.13,3.55
198504,-2.04,0.13,1.64,-1.85,-0.77,1.93,-0.23,0.72,-0.96,2.29,1.28,2.01
198505,4.24,4.07,3.27,5.97,7.14,5.22,5.76,0.66,5.09,2.39,1.43,-4.1
198506,1.41,2.56,2.28,1.54,1.86,1.47,1.83,0.55,1.27,2.36,1.46,-1.74
198507,2.71,2.5,1.13,0.21,-0.96,-1.46,-0.27,0.62,-0.74,2.45,1.46,0.69
198508,-2.04,0.06,0.18,-1.53,-0.07,0.81,-0.39,0.55,-1.02,2.28,1.45,1.56
198509,-7.27,-4.28,-4.13,-3.86,-2.7,-4.37,-3.86,0.6,-4.54,2.3,1.41,1.92
198510,3.2,3.71,3.25,4,5.38,5.5,4.64,0.65,4.02,2.23,1.34,4.42
198511,7.75,7.01,6.33,9.07,6.59,4.75,7.07,0.61,6.48,1.9,1.44,4.32
198512,4.95,4.14,3.24,5.77,3.63,4.41,4.39,0.65,3.88,1.59,1.42,-11.63
198601,2.31,1.49,2.6,0.78,0.4,1.55,1.13,0.56,0.65,1.46,1.39,-15.73
198602,7.36,7.26,6.58,8.01,8.24,6.89,7.66,0.53,7.13,1.09,1.44,-32.7
198603,4.23,5.38,5.22,6.22,5.82,4.35,5.35,0.6,4.88,0.75,1.5,-18.29
198604,2.26,1.29,0.43,0.54,-1.79,-3.32,-0.83,0.52,-1.31,0.86,1.4,1.81
198605,3.36,5.25,3.49,5.44,5.52,5.08,5.21,0.49,4.62,1.06,1.2,20.21
198606,-0.06,0.93,1.98,1.83,1.16,2.59,1.51,0.52,1.03,1.07,1.21,-12.79
198607,-10.69,-8.79,-5.68,-7.2,-5.17,-2.64,-5.94,0.52,-6.45,1.03,1.28,-14.06
198608,2.15,3.57,4.51,4.77,8.52,9.45,6.81,0.46,6.07,1.24,1.46,30.38
198609,-8.25,-4.83,-4.73,-10.05,-7.4,-7.19,-8.13,0.45,-8.6,1.68,1.31,-1.19
198610,4.38,2.82,1.82,5.59,5.36,5.51,5.29,0.46,4.66,1.71,1.38,-0.41
198611,0.07,-0.6,0.48,2.04,2.16,1.5,1.62,0.39,1.17,1.45,1.39,2.39
198612,-3.18,-2.89,-1.99,-2.45,-2.96,-2.9,-2.72,0.49,-3.27,1.24,1.48,5.71
198701,12.51,11.1,9.07,13.91,13.21,10.99,12.83,0.42,12.47,1.3,1.36,16.05
198702,9.61,6.77,5.06,7.47,3.46,0.03,4.72,0.43,4.39,1.29,1.27,-4.98
198703,1.29,2.66,3.68,1.66,2.28,2.58,2.07,0.47,1.64,1.22,1.25,3.27
198704,-2.67,-3.04,-3.66,-1.84,-0.95,-1.5,-1.68,0.44,-2.11,1.52,1.19,1.85
198705,-0.29,0,0.73,1.47,-0.17,0.7,0.62,0.38,0.11,1.61,1.18,4.14
198706,1.43,3.26,3.54,4.67,5.41,4.7,4.56,0.48,3.94,1.6,1.2,3.19
198707,2.19,3.27,5.35,5.58,3.5,3.74,4.27,0.46,3.85,1.77,1.19,6.59
198708,2.88,3.78,2.98,4.68,4.35,2.77,4.04,0.47,3.52,1.73,1.13,-5.06
198709,-2.57,-1.26,-1.4,-1.93,-2.3,-2.54,-2.18,0.45,-2.59,1.75,1.13,-3.69
198710,-32.37,-27.98,-27.72,-23.18,-20.23,-19.37,-22.43,0.6,-23.24,1.93,1.1,1.65
198711,-6.72,-3.95,-3.45,-8.8,-7.84,-5.79,-7.54,0.35,-7.77,1.9,1.22,-4.68
198712,9.3,6.95,4.6,9.17,6.41,4.88,7.38,0.39,6.81,1.82,1.18,-8.87
198801,2.16,4.9,6.35,2.06,5.62,8.03,4.48,0.29,4.21,1.68,1.19,-0.47
198802,8.45,7.96,7.12,5.42,4.6,3.45,5.24,0.46,4.75,1.57,1.22,-2.3
198803,3.72,3.89,3.34,-3.09,-3.2,-1.24,-2.05,0.44,-2.27,1.66,1.18,-3.27
198804,1.37,1.94,2.56,-0.65,2.09,1.54,0.95,0.46,0.56,1.71,1.23,10.22
198805,-2.92,-1.79,-0.45,0,0.63,2.13,0.31,0.51,-0.29,1.69,1.14,-2.44
198806,7.62,6.96,6.29,4.77,5.64,3.97,5.30,0.49,4.79,1.43,1.14,-5.21
198807,-2.45,-0.1,0.33,-1.54,-0.27,0.22,-0.81,0.51,-1.25,1.31,1.15,-6.24
198808,-4.12,-1.55,-1.57,-2.88,-3.12,-1.37,-2.78,0.59,-3.31,1.09,1.1,0.17
198809,2.69,2.94,2.78,5.08,3.46,3.62,4.02,0.62,3.3,0.89,1.08,-6.81
198810,-2.03,-0.08,0.64,2.28,1.92,3.03,1.85,0.61,1.15,0.69,0.9,-4.62
198811,-3.86,-2.54,-2.71,-1.67,-1.86,-0.35,-1.68,0.57,-2.29,0.48,1.03,1.3
198812,4.08,3.86,2.99,2.77,1.56,0.75,2.15,0.63,1.49,0.12,1.08,16.38
198901,4.35,4.52,5.4,7.07,6.57,7.04,6.73,0.55,6.1,0.04,1.03,10.56
198902,0.5,0.79,1.26,-2.34,-2.05,-1.35,-1.75,0.61,-2.25,-0.08,0.97,-0.87
198903,2.56,3.03,3.4,2.52,1.64,2.6,2.28,0.67,1.57,-0.21,0.87,9.08
198904,4.82,4.33,3.88,6,4.77,4.03,5.01,0.67,4.33,-0.18,0.82,8.2
198905,4.64,3.76,3.81,4.78,3.58,3.97,4.27,0.79,3.35,-0.12,0.89,-4.79
198906,-3.11,-0.76,-0.07,-0.96,-0.33,0.39,-0.67,0.71,-1.35,-0.16,0.93,-0.13
198907,4.5,4.06,3.46,10.79,7.15,6.15,8.05,0.7,7.2,0.13,0.94,-1.8
198908,2.63,2.83,2.57,1.08,2.86,2.59,2.09,0.74,1.44,-0.07,0.92,-5.71
198909,1.34,0.14,-0.85,0.53,-0.79,0.03,-0.22,0.65,-0.76,-0.03,0.9,5.79
198910,-5.05,-5.75,-6.45,-1.39,-3.89,-2.05,-2.91,0.68,-3.67,0.02,0.89,2.54
198911,0.66,0.79,-0.13,2.38,1.71,0.94,1.79,0.69,1.03,0.1,0.92,-1.35
198912,0.13,-0.42,-0.24,1.69,2.39,2.61,1.92,0.61,1.16,0.12,0.96,6.4
199001,-9.21,-7.68,-7.94,-7.51,-6.41,-7.05,-7.25,0.57,-7.85,0.29,0.95,7.36
199002,3.24,2.6,2.3,0.33,2.23,2.48,1.72,0.57,1.11,0.36,0.92,-2.35
199003,4.45,3.82,2.3,4.15,1.35,0.5,2.58,0.64,1.83,0.24,0.84,-7.64
199004,-2.92,-3.08,-4.39,-0.9,-3.45,-4.54,-2.64,0.69,-3.36,0.39,0.84,-8.99
199005,8.53,6.38,4.33,10.82,8.58,7.55,9.21,0.68,8.42,0.44,0.94,-1.86
199006,1.14,0.44,0.06,1.27,-2.41,-1.52,-0.50,0.63,-1.09,0.38,0.96,-7.49
199007,-4.5,-3.77,-4.24,-1.28,-0.04,-1.56,-1.09,0.68,-1.9,0.53,0.96,10.47
199008,-14.71,-12.25,-11.34,-9.72,-7.92,-9.93,-9.42,0.66,-10.15,0.97,1,45.8
199009,-10.29,-8.34,-8.2,-5.74,-3.7,-6.37,-5.31,0.6,-6.12,1.13,1.08,23.97
199010,-5.88,-5.61,-5.87,0.34,-1.96,0.78,-0.78,0.68,-1.92,1.17,1.21,6.63
199011,9,6.49,4.86,7.38,6.8,5.19,6.87,0.57,6.35,1.08,1.32,-10.08
199012,4.13,3.48,2.86,3.75,2.4,1.94,3.08,0.6,2.46,1.03,1.38,-15.37
199101,9.31,8.3,7.65,6.32,3.26,4.31,5.02,0.52,4.69,1.45,1.41,-8.7
199102,11.72,10.24,11.34,7.81,6.52,7.1,7.50,0.48,7.19,1.58,1.24,-17.77
199103,7.77,5.23,6.57,4.02,1.11,2.77,2.95,0.44,2.65,1.71,1.16,-3.23
199104,-0.63,1.35,1.64,-0.25,0.8,0.31,0.10,0.53,-0.28,1.8,1.08,4.85
199105,4.31,4.82,2.63,4.67,2.9,5.22,4.14,0.47,3.65,1.94,1,2
199106,-5.32,-3.24,-4.09,-4.87,-4.31,-3.68,-4.56,0.42,-4.94,1.92,0.95,-4.92
199107,4.21,3.52,3.04,5.42,4.04,4.1,4.72,0.49,4.24,1.96,0.89,6.07
199108,4.4,3.11,4.31,3.36,1.82,1.87,2.68,0.46,2.32,2.12,0.9,1.25
199109,1.22,0.68,-1.07,-2.2,0.04,-1.9,-1.14,0.46,-1.59,2.08,0.9,0.78
199110,3.08,2.57,1.96,1.49,1.67,1.77,1.67,0.42,1.29,2.2,0.94,6.27
199111,-4.8,-3.75,-5.53,-2.5,-4.52,-5.62,-3.83,0.39,-4.19,2.53,0.97,-3.28
199112,10.16,6.74,7.5,14.44,7.64,9.03,11.22,0.38,10.84,2.71,0.95,-13.12
199201,7.67,7.46,10.47,-2.25,-1.51,3.96,-0.68,0.34,-0.59,2.88,0.93,-3.57
199202,0.76,2.85,7.02,0.38,0.74,6.86,1.33,0.28,1.09,3.05,0.94,0.93
199203,-6.34,-1.23,-0.69,-2.77,-1.28,-1.12,-2.21,0.34,-2.66,2.91,0.9,-0.42
199204,-5.58,-2.4,-1.02,0.17,4.97,4.22,2.02,0.32,1.07,3.18,0.88,7.02
199205,-0.68,0.9,2.53,0.88,0.46,0.24,0.67,0.28,0.3,3.2,0.85,3.44
199206,-6.17,-3.23,-2.69,-2.5,-1.15,0.83,-1.80,0.32,-2.34,3.09,0.83,6.85
199207,2.61,3.34,3.82,4.35,4.66,2.09,4.13,0.31,3.77,3.24,0.77,-2.75
199208,-4.34,-1.53,-2.64,-1.14,-2.13,-4.89,-2.16,0.26,-2.38,3.12,0.7,-1.88
199209,1.47,2.46,1.45,1.62,0.85,1.22,1.34,0.26,1.19,3.24,0.7,2.59
199210,4.38,2.51,1.65,2.39,-0.92,0.92,0.99,0.23,1.02,3.29,0.85,-0.98
199211,9.63,6.46,6.7,4.58,2.56,4.56,4.12,0.23,4.13,3.19,0.86,-6.21
199212,2.58,3.67,4.9,0.69,2.12,3.41,1.79,0.28,1.53,3.06,0.83,-4.6
199301,1.31,4.01,6.55,-1.11,1.5,5.39,0.98,0.23,0.93,3.1,0.76,-1.71
199302,-6.37,-0.11,1.08,-2.29,4.11,3.08,0.65,0.22,0.12,2.87,0.68,5.13
199303,2.12,2.54,3.62,1.78,3.08,2.72,2.50,0.25,2.3,2.65,0.57,1.47
199304,-3.74,-2.57,-2.59,-5.02,-0.86,-0.94,-2.65,0.24,-3.05,2.73,0.68,-0.38
199305,6.64,3.23,3.09,4,2.36,0.73,2.87,0.22,2.89,2.68,0.78,-1.63
199306,0.72,0.47,1.5,-1.02,1.19,3.43,0.65,0.25,0.31,2.42,0.74,-4.36
199307,-0.37,1.48,2.25,-2.23,1.15,1.65,-0.17,0.24,-0.34,2.34,0.76,-6.31
199308,3.98,4.69,3.32,3.6,4.09,3.36,3.89,0.25,3.71,2.24,0.75,0.8
199309,3.21,2.33,2.55,-0.75,0.47,-0.96,-0.01,0.26,-0.12,2,0.68,-2.75
199310,3.87,1.71,2.66,2.97,-0.2,1.1,1.43,0.22,1.41,1.94,0.64,3.6
199311,-3.29,-2.72,-2.42,-0.05,-2.64,-1.46,-1.55,0.25,-1.89,2.14,0.73,-7.97
199312,2.6,3.86,2.73,1.38,1.77,2.38,1.96,0.23,1.65,2.16,0.76,-13.11
199401,1.93,2.9,5.1,1.99,4.49,3.01,3.06,0.25,2.87,2.21,0.73,3.38
199402,-0.9,0.8,-0.91,-1.62,-3.08,-4.51,-2.42,0.21,-2.55,2.1,0.68,-1.47
199403,-6.17,-4.87,-4.33,-4.69,-3.79,-3.95,-4.37,0.27,-4.78,2.16,0.65,-0.81
199404,-0.77,0.61,1.38,0.37,2.05,1.57,1.14,0.27,0.68,2.15,0.64,11.73
199405,-2.54,-1.02,0.06,1.48,1.77,-0.72,1.10,0.31,0.58,1.87,0.63,9.16
199406,-4.73,-2.1,-2.05,-3.05,-2.12,-2.35,-2.74,0.31,-3.03,1.83,0.68,6.66
199407,1.47,1.36,2.16,3.01,3.6,3.55,3.10,0.28,2.82,1.82,0.69,3.04
199408,7.24,4.55,4.07,5.76,2.74,3.33,4.36,0.37,4.01,1.68,0.67,-6.46
199409,0.58,-0.05,-0.42,-1.18,-3.2,-4,-2.13,0.37,-2.31,1.7,0.64,-5.01
199410,0.6,-0.09,-1.75,2.27,2.39,1.14,1.65,0.38,1.34,1.63,0.63,1.43
199411,-3.88,-3.3,-3.66,-2.99,-3.55,-5.08,-3.65,0.37,-4.04,1.42,0.64,2.2
199412,0.78,1.86,1.58,1.4,1.01,1.68,1.56,0.44,0.86,0.67,0.64,-5.19
199501,-1.1,-0.5,1.18,2.2,3.77,1.54,2.19,0.42,1.8,0.73,0.62,4.84
199502,3.75,2.95,4.35,4.07,3.32,5.66,4.08,0.4,3.63,0.77,0.59,3
199503,2.75,1.97,1.12,3.03,2.41,2.47,2.49,0.46,2.19,0.77,0.58,0.11
199504,0.97,3.21,3.11,2.03,2.72,4.43,2.61,0.44,2.11,0.79,0.57,7.12
199505,0.86,1.65,2.99,3.59,3.64,4.89,3.63,0.54,2.9,0.63,0.55,-0.65
199506,7.4,4.87,4.13,3.75,1.4,2.45,2.89,0.47,2.72,0.53,0.6,-6.69
199507,7.94,4.64,4.98,3.92,3.81,3.54,4.02,0.45,3.72,0.69,0.63,-6.08
199508,1.99,2.82,4.11,-0.06,0.96,3.24,0.89,0.47,0.55,0.74,0.62,4.22
199509,2.32,2.09,1.44,4.63,3.52,4.02,3.87,0.43,3.35,0.58,0.61,1.11
199510,-5.75,-5.14,-3.77,0.49,-0.95,-2.96,-0.86,0.47,-1.52,0.45,0.63,-4.33
199511,3.59,3.12,4.02,3.97,4.82,5.44,4.44,0.42,3.96,0.5,0.66,3.15
199512,1.88,2.59,2.21,0.43,2.66,1.85,1.63,0.49,1.03,0.4,0.67,5.84
199601,0.31,0.12,0.85,2.97,3.15,3.04,2.90,0.43,2.26,0.56,0.66,-0.84
199602,4.84,2.2,2.86,1.9,1.31,1.04,1.48,0.39,1.33,0.87,0.64,1.01
199603,2.45,2.66,2.58,0.03,1.81,1.93,1.01,0.39,0.73,0.93,0.68,12.01
199604,8.7,4.7,4.64,2.99,1.07,-0.76,1.90,0.46,2.06,0.97,0.69,10.35
199605,6,4.61,5.17,3.73,0.76,2.16,2.56,0.42,2.36,1.1,0.68,-9.84
199606,-5.98,-2.77,-2.43,0.05,-0.11,-0.38,-0.32,0.4,-1.14,1.1,0.69,-3.76
199607,-13.75,-6.26,-5.59,-5.48,-3.86,-4.75,-5.23,0.45,-5.97,1.02,0.7,4.25
199608,7.12,4.65,4.6,2.05,3.76,3.66,3.03,0.41,2.77,0.97,0.72,3
199609,5.3,2.44,3.17,6.76,4.2,2.59,5.44,0.44,5.01,1,0.69,9.24
199610,-5.08,-0.09,0.93,0.76,3.32,5,1.83,0.42,0.86,0.98,0.68,3.79
199611,1.73,4.59,3.96,7.16,7.55,7.26,7.05,0.41,6.25,0.78,0.69,-4.78
199612,0.58,2.72,1.92,-1.79,-1.26,-1.34,-1.20,0.46,-1.7,0.83,0.69,7.09
199701,4.01,3.26,2.95,6.72,4.54,4.48,5.53,0.45,4.98,0.97,0.67,-0.87
199702,-6.35,-0.48,1.25,-0.14,0.61,2.65,0.11,0.39,-0.49,0.89,0.63,-11.76
199703,-8.47,-3.63,-1.66,-5.5,-2.43,-4.69,-4.53,0.43,-5.02,0.89,0.63,-5.49
199704,-3.28,0.87,-0.42,6.54,4.02,3.55,4.93,0.43,4.04,0.9,0.61,-6.05
199705,15.59,9.77,8.39,6.95,5.73,6.4,6.83,0.49,6.74,0.84,0.62,5.63
199706,3.64,5.5,6.83,4.11,4.51,3.38,4.16,0.37,4.1,0.8,0.61,-7.97
199707,4.76,5.37,5.86,7.5,8.85,8.05,7.84,0.43,7.33,0.68,0.61,2.4
199708,3.96,3.23,3.24,-5.58,-3.84,-2.09,-4.06,0.41,-4.15,0.74,0.6,1.53
199709,8.85,7.75,8.15,5.21,5.76,5.94,5.67,0.44,5.35,0.69,0.55,-0.7
199710,-6.15,-3.51,-2.17,-2.94,-3.83,-3.02,-3.36,0.42,-3.8,0.57,0.57,7.43
199711,-3.42,-0.66,0.29,5.14,2.9,3,3.83,0.39,2.98,0.42,0.55,-5.13
199712,-2.17,0.95,2.09,1.43,2.4,4.08,2.00,0.48,1.32,0.28,0.56,-9.17
199801,-0.58,-1.38,-0.83,2.91,-2.49,0.26,0.52,0.43,0.15,0.3,0.58,-8.79
199802,8.38,7.07,7.34,6.89,8.22,7.68,7.15,0.39,7.04,0.26,0.58,-3.89
199803,4.43,4.54,4.89,4.92,5.14,6.57,4.96,0.39,4.76,0.26,0.6,-6.48
199804,0.67,1.42,2.18,0.94,1.83,0.89,0.98,0.43,0.73,0.26,0.64,2.8
199805,-7.3,-4.73,-2.79,-2.37,-2.63,1.43,-2.47,0.4,-3.07,0.21,0.61,-3.76
199806,0.52,-0.5,-0.19,5.9,1.45,1.96,3.38,0.41,3.18,0.09,0.6,-8.08
199807,-7.84,-7.59,-7.01,-0.49,-3.33,-3.25,-1.82,0.4,-2.46,0.1,0.6,3.07
199808,-24.47,-18.38,-18.19,-13.84,-17.94,-13.32,-15.32,0.43,-16.08,0.13,0.62,-5.11
199809,8.94,5.16,3.43,7.74,3.58,6.63,6.82,0.46,6.15,0.1,0.69,11.9
199810,4.76,3.74,3.01,7.94,8.17,5.26,7.59,0.32,7.13,0.41,0.81,-3.75
199811,8.97,5.83,5.32,7.14,5.31,4.48,6.12,0.31,6.1,0.3,0.93,-10.7
199812,6.64,3.45,2.72,8.58,1.68,3.59,6.36,0.38,6.16,0.13,1.01,-12.22
199901,4.21,1.94,0.69,5.12,0.01,0.59,3.40,0.35,3.5,0.21,1.05,10.55
199902,-9.18,-7.26,-8.06,-4.44,-0.3,-2.76,-3.54,0.35,-4.08,0.3,0.99,-3.69
199903,-0.23,0.9,-2.99,4.03,3.92,1.5,3.67,0.43,3.45,0.45,0.91,22.06
199904,8.96,10.75,9.38,2.31,7.85,6.94,4.51,0.37,4.33,0.49,0.84,18.28
199905,2.05,0.76,4.18,-2.54,-0.85,0.13,-1.90,0.34,-2.46,0.69,0.79,2.36
199906,6.97,5.83,5.89,6.6,2.46,0.48,5.05,0.4,4.77,0.8,0.79,0.79
199907,-1.27,-0.45,-1.32,-3.03,-3.53,-4.5,-3.03,0.38,-3.49,0.76,0.76,12.19
199908,-2.88,-3.15,-3.3,-0.06,-3.19,-2.26,-1.14,0.39,-1.38,0.74,0.75,5.93
199909,0.64,-0.63,-2.65,-1.89,-5.34,-5.4,-2.56,0.39,-2.79,0.67,0.81,12.32
199910,0.39,-0.25,-2.82,6.82,7.07,4.28,6.27,0.39,6.12,0.68,0.83,-5.19
199911,13.49,5.87,4.19,4.29,-3.42,0.57,2.80,0.36,3.37,0.48,0.79,10.29
199912,18.79,7.79,6.73,8.41,0.55,3,6.38,0.44,7.72,0.44,0.64,4.45
200001,0.15,-0.3,0.74,-5.06,-2.98,-6.22,-3.92,0.41,-4.74,0.54,0.55,4.22
200002,27.09,15.48,13.03,1.59,-6.86,-4.22,0.93,0.43,2.45,0.3,0.61,7.98
200003,-12.47,-3.89,-1.5,8.29,12.36,12.07,7.83,0.47,5.2,0.04,0.69,1.84
200004,-14.76,-5.6,-4.54,-4.5,0.26,2.51,-3.52,0.46,-6.4,-0.16,0.76,-13.88
200005,-8.11,-5.31,-4.85,-3.71,2.62,-1.85,-2.81,0.5,-4.42,0.11,0.91,11.81
200006,17.5,8.9,8.63,5.18,-6.04,-5.66,2.96,0.4,4.64,-0.07,0.81,10.6
200007,-7.25,1.31,2.18,-3.06,3.95,3.64,-1.77,0.48,-2.51,-0.03,0.7,-6.47
200008,8.65,5.38,6.51,7.62,7.92,8.45,7.42,0.5,7.03,-0.35,0.71,4.87
200009,-7.33,-0.5,-0.52,-5.99,2.17,-0.55,-4.53,0.51,-5.45,-0.33,0.73,8.52
200010,-8.47,-1.25,-1.63,-2.11,-0.16,2.33,-1.42,0.56,-2.76,-0.27,0.79,-2.36
200011,-16.51,-4.35,-2.75,-10.65,-2.77,-1.89,-9.22,0.51,-10.72,-0.37,0.83,3.99
200012,2.75,8.97,8.41,-0.1,8.38,8.98,1.68,0.5,1.19,-0.36,0.81,-17.27
200101,12.72,5.26,6.53,3.59,1.22,0.07,3.42,0.54,3.13,0.35,0.78,3.94
200102,-12.65,-0.6,0.51,-11.28,-0.6,1.3,-9.14,0.38,-10.05,0.42,0.77,0.1
200103,-7.7,-0.92,-1.42,-8.01,-1.7,-1.36,-6.52,0.42,-7.26,0.59,0.86,-8
200104,10.53,4.65,5.24,8.93,5.07,4.79,8.02,0.39,7.94,1.16,0.87,0.62
200105,3.95,4.68,6.18,0.41,2.12,4.54,0.80,0.32,0.72,1.61,0.78,4.49
200106,6.48,4.95,2.58,-2.1,-1.73,-0.26,-1.84,0.28,-1.94,1.7,0.79,-3.63
200107,-9.05,-4.55,-0.96,-1.81,-0.94,1.23,-1.65,0.3,-2.13,1.62,0.84,-4.17
200108,-7.18,-2.74,-1.26,-6.94,-3.9,-7.85,-5.90,0.31,-6.46,1.5,0.83,3.86
200109,-17.14,-13.21,-13.98,-8.08,-9.85,-8.04,-8.82,0.28,-9.25,1.91,0.86,-5.79
200110,11.47,5.05,4.49,3.32,0.69,-5.89,2.33,0.22,2.46,2.24,0.88,-14.18
200111,8.78,7.51,9,7.91,6.88,11.71,7.70,0.17,7.54,2.47,0.84,-11.44
200112,6.92,6.75,6.71,0.62,3.02,3.03,1.41,0.15,1.61,2.87,1.28,-1.73
200201,-4.95,0.73,2.99,-0.93,-1.66,-2.21,-1.25,0.14,-1.44,2.88,1.32,1.76
200202,-8.04,-1.1,-0.95,-2.48,0.26,-4.58,-2.04,0.13,-2.29,2.68,1.38,5.44
200203,9.01,7.29,10.2,3.55,5.7,4.56,4.38,0.13,4.24,2.71,1.3,17.74
200204,-3.72,2.6,4.13,-7.17,-0.45,-7.18,-5.25,0.15,-5.2,2.73,1.27,7.58
200205,-6.59,-3.69,-2.49,-1.36,0.31,-2.09,-1.16,0.14,-1.38,2.81,1.34,2.85
200206,-7.19,-3.03,-2.39,-7.48,-5.91,-12.03,-7.20,0.13,-7.21,2.73,1.32,-5.55
200207,-14.98,-14.44,-14.84,-6.4,-8.56,-13.41,-7.95,0.15,-8.18,2.69,1.37,5.56
200208,-0.57,0.63,-0.76,0.08,1.24,5.31,0.47,0.14,0.5,2.5,1.21,5.35
200209,-8.51,-7.49,-6.92,-10.81,-10.07,-9.77,-10.51,0.14,-10.35,2.15,1.25,4.55
200210,7.01,4.22,0.38,10.05,4.5,5.77,7.96,0.14,7.84,2.29,1.41,-2.76
200211,13.45,7.98,7.35,5.2,6.01,9.06,6.05,0.12,5.96,2.56,1.31,-8.94
200212,-8.79,-4.3,-3.76,-6.29,-3.73,-6.86,-5.65,0.11,-5.76,2.58,1.24,11.99
200301,-2.26,-2.63,-1.34,-2.74,-2.13,-5.52,-2.45,0.1,-2.57,2.69,1.18,11.96
200302,-3.69,-2.24,-3.44,-1.35,-2.5,-4.5,-1.65,0.09,-1.88,2.6,1.11,8.89
200303,1.67,0.62,0.77,1.68,0.28,-1.58,1.05,0.1,1.09,2.57,1.06,-6.47
200304,11.11,9.42,9.25,7.63,8.91,11.56,8.17,0.1,8.22,2.69,1.11,-15.8
200305,13.28,10.92,9.91,5.09,7.05,7.88,6.04,0.09,6.05,2.39,1.16,-0.39
200306,2.2,2.53,3.87,1.26,1.38,0.95,1.35,0.1,1.42,2.32,1.22,9.17
200307,8.09,5.92,6.85,1.88,2.38,0.86,2.29,0.07,2.35,2.86,1.13,0.13
200308,4.53,4.87,6.34,2.07,1.56,4.31,2.22,0.07,2.34,3.14,1.13,2.7
200309,-1.7,-1.87,0.79,-1.11,-0.5,-3.57,-1.09,0.08,-1.24,3.03,1.07,-10.45
200310,8.4,8.03,10.55,5.09,7.36,6.48,6.05,0.07,6.08,3.04,1.03,7.21
200311,2.83,3.59,4.68,0.85,1.48,2.7,1.38,0.07,1.35,2.96,1.01,2.51
200312,1.1,2.5,3.3,4.26,4.75,6.88,4.57,0.08,4.29,2.96,0.98,3.41
200401,3.78,3.79,6.99,1.59,2.27,2.31,2.09,0.07,2.15,2.91,0.9,6.59
200402,0.57,0.96,0.13,1.23,2.05,2.66,1.35,0.06,1.4,2.84,0.77,1.37
200403,1.3,0.42,0.37,-1.97,-0.58,-0.6,-1.19,0.09,-1.32,2.64,0.78,5.81
200404,-3.44,-3.37,-6.08,-0.32,-3.46,-2.92,-2.07,0.08,-1.83,2.92,0.73,-0.19
200405,1.15,1.13,0.59,1.36,1.02,1.14,1.45,0.06,1.17,2.94,0.71,9.78
200406,3.33,4.8,4.64,1.34,1.83,2.81,1.99,0.08,1.86,2.61,0.77,-5.61
200407,-9.86,-5.29,-4.65,-4.56,-2.27,-1.54,-3.78,0.1,-4.06,2.4,0.8,7.02
200408,-2.42,-0.17,-0.92,-0.39,1.59,0.16,0.41,0.11,0.08,2.26,0.81,10.44
200409,5.72,4.97,3.52,0.88,1.65,2.58,1.54,0.11,1.6,2.01,0.81,2.25
200410,3.04,1.34,1.38,1.7,1.02,2.11,1.64,0.11,1.43,1.87,0.74,15.63
200411,8.25,8.75,9.4,3.64,4.95,6.09,4.65,0.15,4.54,1.69,0.68,-8.79
200412,4.29,2.39,4.21,3.69,3.23,3.63,3.56,0.16,3.43,1.56,0.68,-10.59
200501,-5.47,-3.19,-2.44,-3,-1.48,-2.1,-2.66,0.16,-2.76,1.36,0.66,8.1
200502,0.64,2.2,2.9,2.03,2.18,3.05,2.20,0.16,1.89,1.14,0.62,2.41
200503,-4.06,-2.22,-2.01,-1.35,-2.57,-0.23,-1.69,0.21,-1.97,1.2,0.66,13.22
200504,-6.32,-5.97,-6.16,-1.78,-2.08,-2.65,-2.17,0.21,-2.61,1.02,0.72,-2.34
200505,7.39,6.26,5.68,3.78,3.02,3.88,3.79,0.24,3.65,0.81,0.86,-6.05
200506,2.75,4.15,4.54,-0.79,1.7,2.68,0.70,0.23,0.57,0.64,0.9,12.9
200507,6.77,6.82,6.36,4.58,2.62,3.96,4.10,0.24,3.92,0.54,0.89,4.34
200508,-2.2,-1.12,-1.2,-1.3,-0.69,0.24,-0.95,0.3,-1.22,0.39,0.87,10.68
200509,0.42,0.69,0.49,0.35,1.19,1.81,0.88,0.29,0.49,0.35,0.9,0.92
200510,-3.82,-2.6,-2.44,-1.14,-2.01,-2.07,-1.87,0.27,-2.02,0.28,0.95,-4.88
200511,5.2,4.51,3.88,4.08,3.77,3.02,3.89,0.31,3.61,0.21,0.97,-6.53
200512,-0.11,-0.34,-0.15,-0.73,1.29,0.2,0.09,0.32,-0.25,0.12,0.95,1.94
200601,8.56,9.37,8.15,1.82,3.54,4.48,3.34,0.35,3.04,-0.03,0.95,10.23
200602,-0.44,-0.33,-0.33,-0.19,1,-0.8,0.18,0.34,-0.3,-0.11,0.92,-5.92
200603,4.27,5.08,5.63,1.67,1.17,1.51,1.73,0.37,1.46,-0.05,0.88,2.06
200604,-0.65,0.97,1.21,-0.07,2.33,3.28,1.08,0.36,0.73,0.09,0.84,10.79
200605,-7.74,-4.8,-3.91,-3.04,-2.52,-1.77,-3.20,0.43,-3.57,0.11,0.8,1.79
200606,-0.55,0.3,0.18,-0.09,0.13,0.93,0.18,0.4,-0.35,-0.05,0.89,0.03
200607,-5.89,-2.71,-2.2,-0.77,0.76,1.42,-0.09,0.4,-0.78,-0.13,0.91,4.86
200608,3.25,2.63,2.61,3.37,1.82,0.58,2.45,0.42,2.03,-0.2,0.91,-1.83
200609,0.93,1.06,1.13,2.5,2.32,2.4,2.24,0.41,1.84,-0.25,0.92,-12.57
200610,6.01,5,4.87,3.35,2.95,4.41,3.60,0.41,3.23,-0.28,0.91,-7.81
200611,2.68,2.73,2.99,1.81,2.36,1.65,2.18,0.42,1.71,-0.41,0.87,0.83
200612,-0.74,0.68,2.42,0.35,1.83,3.49,1.20,0.4,0.87,-0.38,0.9,4.48
200701,2.36,0.84,2.36,1.89,1.69,1.67,1.90,0.44,1.4,-0.3,0.94,-12.03
200702,-0.16,-0.12,-0.75,-1.96,-1.5,-1.55,-1.64,0.38,-1.96,-0.33,0.89,8.59
200703,1.42,1.27,0.66,0.85,1.5,1.17,1.04,0.43,0.68,-0.36,0.97,2.19
200704,2.35,2.07,1.47,4.85,3.82,3.42,3.99,0.44,3.49,-0.24,0.92,5.63
200705,4.16,3.95,3.07,3.2,3.72,4.2,3.64,0.41,3.24,-0.16,0.92,-0.8
200706,-0.53,-1.05,-1.7,-1.08,-2.4,-2.14,-1.87,0.4,-1.96,0.14,0.91,6.33
200707,-4.86,-5.77,-7.82,-1.44,-4.36,-5.13,-3.41,0.4,-3.73,0.04,0.92,9.93
200708,1.73,2.18,-0.8,1.79,1.86,-0.16,1.44,0.42,0.92,0.2,0.86,-2.41
200709,2.64,0.76,0.21,4.75,2.25,3.47,3.65,0.32,3.22,0.38,0.85,10.42
200710,3.76,1.67,0.59,3.06,1.25,1.04,1.83,0.32,1.8,0.43,0.82,7.84
200711,-7.16,-6.78,-7.67,-3.18,-5.53,-5.03,-4.50,0.34,-4.83,0.65,0.96,9.77
200712,0.34,-0.93,-0.65,-0.41,-1,-0.44,-0.61,0.27,-0.87,0.84,1.16,-3.05
200801,-8.39,-5.97,-4.19,-7.42,-4.13,-4.33,-6.06,0.21,-6.36,1.03,1.21,1.33
200802,-4.25,-2.98,-3.69,-2.2,-3.35,-4.65,-3.11,0.13,-3.09,1.69,1.29,2.58
200803,-1.53,1.08,-0.01,0.79,-3.09,-1.01,-0.59,0.17,-0.93,1.97,1.38,10.71
200804,5.19,3.22,1.82,3.74,6.22,5.2,5.00,0.18,4.6,1.94,1.42,6.64
200805,5.51,5.52,3.23,2.25,0.56,1.78,2.05,0.18,1.86,1.82,1.36,11.39
200806,-7.46,-7.54,-8.54,-7.22,-9.19,-10.97,-8.25,0.17,-8.44,1.68,1.39,6.81
200807,2.22,2.61,5.56,-1.46,-2.47,6.96,-0.80,0.15,-0.77,1.73,1.49,-0.37
200808,3.05,3.95,7.01,1.52,1.03,0.61,1.55,0.13,1.53,1.71,1.51,-12.61
200809,-11.19,-7.36,-6.46,-9.63,-10.22,-1.7,-9.40,0.15,-9.24,1.78,1.66,-10.9
200810,-21.98,-19.2,-20.5,-14.99,-17.47,-22.27,-17.74,0.08,-17.23,2.39,2.6,-26.23
200811,-12.07,-10.8,-14.35,-5.9,-6.81,-15.64,-7.89,0.03,-7.86,2.46,3.09,-25.06
200812,5.01,4.47,5.2,1.84,0.86,1.15,1.91,0,1.74,1.93,3.38,-28.59
200901,-7.45,-10.21,-15.89,-4.83,-10.2,-18.75,-8.39,0,-8.12,2.08,3.09,1.76
200902,-9.66,-11.17,-15.1,-7.38,-12.72,-16.48,-10.48,0.01,-10.1,2.25,2.81,-6.18
200903,9.12,10.41,10.84,8.07,9.08,13.47,8.76,0.02,8.95,2.18,2.92,22.52
200904,16.54,16.62,17.29,7.35,11.13,17.66,10.52,0.01,10.19,2.38,3,3.77
200905,3.71,3.09,2.44,4.64,6.16,5.44,5.34,0,5.21,2.79,2.52,18.82
200906,5.25,1.63,0.85,1.22,-1.53,0.19,0.34,0.01,0.43,3.21,1.89,17.78
200907,6.66,10.18,14.09,6.7,8.18,9.83,7.78,0.01,7.72,3.08,1.68,-8.02
200908,1.13,2.82,8.75,1.88,3.76,9.77,3.57,0.01,3.33,3.13,1.32,10.88
200909,6.55,5.6,7.58,3.54,4.44,4.36,4.19,0.01,4.08,3,1.18,-2.25
200910,-6.8,-6.11,-9.38,-0.57,-2.69,-6.36,-2.57,0,-2.59,3.02,1.14,9.16
200911,1.72,2.04,4.09,6.62,4.8,3.91,5.68,0,5.56,3.09,1.13,2.98
200912,8.38,8.12,8.55,1.92,3.08,1.75,2.85,0.01,2.75,3.22,1.11,-4.84
201001,-3.69,-3.03,-2.78,-4.06,-2.23,-4.36,-3.60,0,-3.36,3.38,0.99,5.28
201002,3.47,3.95,7.55,3.14,2.83,5.38,3.39,0,3.4,3.34,0.99,-2.3
201003,7.05,8.1,8.89,5.31,6.74,7.69,6.30,0.01,6.31,3.33,1,6.31
201004,4.18,6.12,9.39,0.99,2.4,1.4,2.16,0.01,2,3.4,0.96,3.99
201005,-6.04,-7.06,-10.45,-7.44,-8.43,-7.8,-7.90,0.01,-7.89,3.05,1.09,-12.59
201006,-5.99,-7.43,-10.98,-4.58,-5.32,-8.58,-5.75,0.01,-5.56,2.88,1.35,2.04
201007,6.92,6.69,7.21,6.66,7.79,5.86,6.94,0.01,6.93,2.72,1.29,1.35
201008,-6.86,-7.92,-8.57,-4.1,-3.98,-6.29,-4.71,0.01,-4.77,2.44,1.17,0.59
201009,14.15,12.57,11.03,10.05,9.04,6.91,9.44,0.01,9.54,2.39,1.13,-1.97
201010,4.79,4.06,3.59,4.66,3.74,0.65,3.91,0.01,3.88,2.31,1.04,8.75
201011,3.54,4.27,3.25,0.53,0.42,-0.99,0.58,0.01,0.6,2.51,1.05,2.74
201012,7.05,8.31,9.53,4.91,7.82,10.08,6.78,0.01,6.82,3,1.08,5.82
201101,-0.33,-0.12,0.49,2.05,2.53,2.87,2.18,0.01,1.99,3.12,1.05,0.43
201102,5.01,5.42,5.42,2.62,4.25,4.41,3.64,0.01,3.49,3.29,0.93,0.18
201103,3.49,2.56,1.89,0.13,1.44,-1.43,0.45,0.01,0.45,3.15,0.9,14.91
201104,3.51,2.06,1.04,3.68,2.86,1.11,2.98,0,2.9,3.21,0.86,6.9
201105,-1.56,-2.01,-3.4,-0.52,-1.51,-2.83,-1.14,0,-1.27,2.98,0.82,-7.92
201106,-1.96,-1.89,-1.96,-1.49,-1.7,-2.13,-1.80,0,-1.75,2.82,0.76,-4.97
201107,-4.53,-4.02,-3.41,-0.88,-2.61,-4.42,-2.29,0,-2.36,2.81,0.83,0.93
201108,-8.92,-9.13,-9.87,-4.12,-6.5,-8.13,-6.00,0.01,-5.99,2.19,0.99,-11.17
201109,-11.13,-11.58,-10.96,-6.34,-7.41,-9.34,-7.76,0,-7.59,1.88,1.18,-0.83
201110,15.55,15.71,13.23,9.96,12.37,11.91,11.51,0,11.35,2.04,1.39,0.93
201111,-1.86,-0.12,-0.25,-0.24,1.05,-2.54,-0.27,0,-0.28,1.9,1.27,12.5
201112,-0.53,0.59,1.17,-0.19,1.89,1.65,0.82,0,0.74,1.86,1.32,1.4
201201,7.98,7.11,5.85,5.66,3.29,5.53,5.05,0,5.05,1.85,1.38,1.69
201202,3.41,2.42,2.84,4.71,3.75,5.45,4.23,0,4.42,1.81,1.29,2.01
201203,2.4,2.98,2.76,3.78,0.98,5.25,3.08,0,3.11,1.98,1.24,3.85
201204,-1.31,-2.19,-0.97,-0.6,-0.41,-1.9,-0.66,0,-0.85,1.87,1.23,-2.69
201205,-6.28,-6.56,-6.08,-5.63,-6.26,-7.02,-6.18,0.01,-6.19,1.61,1.27,-8.35
201206,5.83,4.39,4.6,2.81,4.8,4.92,3.92,0,3.89,1.43,1.38,-12.98
201207,-3.03,-0.78,-1.84,1.27,1.39,-0.47,0.99,0,0.79,1.34,1.47,6.7
201208,3.07,3.47,3.47,2.44,1.71,4.67,2.50,0.01,2.55,1.5,1.43,7.09
201209,3.16,3.68,3.92,1.88,3.23,4.19,2.63,0.01,2.73,1.54,1.35,0.59
201210,-3.92,-1.31,-0.76,-2.66,-1.65,1.76,-1.72,0.01,-1.76,1.57,1.11,-5.44
201211,0.99,1,0.75,1.19,0.29,-0.5,0.77,0.01,0.78,1.47,1.01,-3.25
201212,2.61,3.41,4.42,-0.25,1.16,5.1,1.23,0.01,1.18,1.56,0.98,1.83
201301,7.03,6.09,6.03,4.62,5.82,7.53,5.49,0,5.57,1.76,0.93,7.3
201302,1.09,0.68,1.05,1.31,1.45,1.42,1.33,0,1.29,1.82,0.95,0.67
201303,5.38,4.47,4.5,3.71,4.22,3.98,3.92,0,4.03,1.81,0.92,-2.38
201304,-0.8,-1.15,0.06,1.67,1.68,2.04,1.64,0,1.55,1.64,0.86,-1.05
201305,5.14,5.36,5.12,2.06,1.27,7.29,2.36,0,2.8,1.81,0.84,2.97
201306,-0.02,-0.15,-0.3,-1.82,-0.3,-1.87,-1.30,0,-1.2,2.16,0.92,1.05
201307,7.41,7.18,7.81,5.55,5.01,6.26,5.48,0,5.65,2.46,0.98,9.26
201308,-0.88,-3.62,-3.82,-1.73,-3.15,-4.36,-2.79,0,-2.71,2.61,0.88,1.82
201309,6.03,6.7,5.52,4.18,3.01,2.3,3.72,0,3.77,2.69,0.83,-0.26
201310,1.13,2.93,4.07,4.5,4.29,3.85,4.25,0,4.18,2.5,0.78,-5.41
201311,4.89,4.07,4.33,3.36,1.86,4.4,2.90,0,3.12,2.6,0.75,-6.64
201312,1.99,2.61,1.77,2.44,3.38,2.05,2.64,0,2.81,2.77,0.76,4.02
201401,-0.15,-4.25,-3.7,-3.14,-3.75,-3.76,-3.16,0,-3.32,2.74,0.7,-3.08
201402,3.95,4.93,5.01,5.03,4.67,3.18,4.74,0,4.65,2.59,0.65,6.55
201403,-3.37,1.13,1.45,-0.85,1.22,4.5,0.53,0,0.43,2.59,0.68,-0.02
201404,-6.14,-3.08,-2.89,0.27,1.05,-0.7,0.12,0,-0.19,2.6,0.66,1.26
201405,-0.64,0.81,0.04,2.51,1.98,1.28,2.18,0,2.06,2.46,0.6,0.11
201406,7.24,4.94,4.49,1.75,2.64,3.02,2.51,0,2.61,2.5,0.55,3.53
201407,-6.31,-6.3,-5.41,-1.44,-1.52,-2.32,-1.97,0,-2.04,2.43,0.57,-2.08
201408,5.07,4.03,4.51,5.01,3.13,4.39,4.20,0,4.24,2.31,0.61,-6.81
201409,-4.71,-5.44,-6.43,-1.17,-2.01,-1.91,-2.08,0,-1.97,2.42,0.69,-3.45
201410,7.41,5.85,5.31,2.82,1.59,1.52,2.75,0,2.52,2.2,0.77,-9.45
201411,1.74,-0.43,-0.88,3.81,2.48,0.42,2.42,0,2.55,2.2,0.87,-10.2
201412,2.39,2.56,3.3,-1.2,-0.21,2.01,0.00,0,-0.06,2,0.95,-21.77
201501,-2.98,-4.77,-5.1,-1.52,-3.27,-6.36,-2.78,0,-3.11,1.68,0.99,-20.36
201502,7.5,6.75,5.13,6.65,5.84,5.41,5.79,0,6.13,1.76,0.9,7.12
201503,2.13,1.65,1.13,-1.32,-1.63,-1.23,-1.02,0,-1.12,1.79,0.9,-5.46
201504,-3.16,-1.98,-0.75,0.24,1.26,1.54,0.45,0,0.59,1.71,0.96,13.86
201505,3.13,2.3,0.85,1.39,1.36,0.93,1.38,0,1.36,1.96,0.91,8.85
201506,2.44,0.35,0.52,-1.73,-2.07,-1.39,-1.67,0,-1.53,2.08,0.94,0.93
201507,-0.29,-2.41,-5.61,3.04,0.97,0.12,1.67,0,1.54,2.02,1.05,-14.91
201508,-8.91,-4.72,-3.25,-6.21,-5.61,-6.53,-6.04,0,-6.04,1.79,1.15,-15.78
201509,-7.75,-4.53,-4.85,-2.25,-2.89,-4.08,-2.91,0,-3.08,1.8,1.27,6.09
201510,4.43,6.64,5.89,7.93,8.61,6.33,7.90,0,7.75,1.81,1.39,1.63
201511,5.76,3.3,3.67,0.49,-0.25,1.56,0.55,0,0.56,1.78,1.4,-8.18
201512,-3.81,-5.01,-6.76,-1.24,-2.38,-3.48,-2.05,0.01,-2.17,1.59,1.49,-12.37
201601,-13.78,-7.78,-6.84,-5.19,-5.18,-7.99,-5.64,0.01,-5.77,1.55,1.45,-14.82
201602,-0.65,0.94,0.53,0.02,0.58,-2.16,-0.03,0.02,-0.07,1.25,1.38,-4.29
201603,7.86,7.82,8.56,6.61,6.78,8.23,7.04,0.02,6.96,1.23,1.31,23.85
201604,2.48,1.16,3.74,-0.66,1.37,4.6,0.62,0.01,0.92,1.25,1.17,8.52
201605,2.32,1.29,0.23,2.17,1.84,0.64,1.79,0.01,1.78,1.22,1.03,14.63
201606,0.52,-0.67,0.12,0.04,0.47,-2.49,0.21,0.02,-0.05,1.09,1.03,4.39
201607,6.96,5.81,5.88,4.82,2.24,3.68,3.97,0.02,3.95,0.99,0.94,-8.43
201608,0.92,2.77,3.48,-0.36,0.26,3.76,0.26,0.02,0.5,0.99,0.92,0.16
201609,3.36,1.42,1.21,0.46,-0.17,-0.36,0.16,0.02,0.25,1.04,0.9,1.03
201610,-8.28,-5.1,-3.03,-2.08,-2.14,0.98,-2.16,0.02,-2.02,1.1,0.87,10.18
201611,8.77,12.38,14.8,1.8,5.39,12.35,4.48,0.01,4.86,1.4,0.85,-8.28
201612,-0.45,2.88,4.56,1.32,1.92,3.46,1.95,0.03,1.82,1.62,0.77,13.82
201701,2.12,-0.17,-0.54,3.34,0.76,0.43,1.88,0.04,1.94,1.6,0.74,1.02
201702,3.63,1,0.34,4.42,2.49,4.13,3.72,0.04,3.57,1.6,0.69,1.85
201703,2.33,-0.05,-0.38,1.1,-0.27,-2.52,0.07,0.03,0.17,1.47,0.67,-7.74
201704,1.69,1.51,0.78,1.99,0.69,-0.84,1.06,0.05,1.09,1.26,0.7,3.51
201705,-0.87,-1.59,-3.84,2.99,-0.07,-1.59,1.02,0.06,1.06,1.18,0.7,-5.05
201706,4.73,3.07,3.23,-0.14,0.62,4.06,0.90,0.06,0.78,0.99,0.69,-6.81
201707,0.74,0.56,0.67,2.61,1.49,2.11,1.89,0.07,1.87,1.1,0.69,3.21
201708,-0.49,-2.12,-2.43,1.42,-0.31,-1.13,0.19,0.09,0.16,0.98,0.68,3.02
201709,5.72,8.24,8.31,1.26,2.64,4.72,2.44,0.09,2.51,0.92,0.67,3.71
201710,0.31,0.32,0.87,3.45,1.08,2.79,2.18,0.09,2.25,0.96,0.72,3.53
201711,2.44,2.8,2.6,3.47,3.11,3.22,3.04,0.08,3.12,0.79,0.7,9.81
201712,0.85,-0.72,0.06,0.87,1.21,1.93,1.00,0.09,1.06,0.7,0.71,2.19
201801,3.2,3.07,1.72,6.58,5.2,5.31,5.27,0.11,5.58,0.78,0.71,10.06
201802,-3.09,-3.74,-3.82,-2.45,-4.87,-4.09,-3.69,0.11,-3.65,0.9,0.69,-2.31
201803,1.12,0.98,1.86,-2.29,-2.31,-3.28,-2.01,0.12,-2.35,0.78,0.77,0.8
201804,1.13,1.19,2.23,0.6,0,0.58,0.38,0.14,0.29,0.72,0.82,5.61
201805,8.03,7.39,5.81,3.81,2.02,-0.3,2.82,0.14,2.65,0.71,0.83,5.63
201806,2.87,0.34,0.58,1.23,0.26,-1.24,0.65,0.14,0.48,0.58,0.87,-3.02
201807,1.3,2.24,1.1,3.29,3.49,4.35,3.32,0.16,3.19,0.5,0.92,4.58
201808,6,2.92,2.44,5.23,2.04,0.63,3.51,0.16,3.44,0.44,0.89,-4.11
201809,-1.84,-2.77,-2.64,0.77,0.11,-1.03,0.17,0.15,0.06,0.44,0.9,3.19
201810,-13.61,-11.36,-9.04,-8.57,-4.9,-6.26,-7.36,0.19,-7.68,0.5,0.93,0.74
201811,1.09,2.18,0.59,1.43,2.37,2.44,2.00,0.18,1.69,0.42,1,-19.49
201812,-12.28,-12.08,-12.58,-8.35,-9.7,-11,-9.31,0.19,-9.55,0.17,1.11,-13.06
201901,12.84,10.43,11.07,8.37,8.03,8.9,8.58,0.21,8.41,0.13,1.19,3.76
201902,6.5,5.21,3.39,3.76,3.95,1.19,3.52,0.18,3.4,0.13,1.16,6.95
201903,-0.62,-2.84,-4.32,2.82,0.42,-1.62,1.46,0.19,1.1,0.08,1.07,5.82
201904,2.43,4.12,3.15,4.2,3.19,7.34,3.99,0.21,3.96,0.11,1.01,9.82
201905,-7.1,-8.17,-9.86,-6.43,-6.66,-8.45,-6.47,0.21,-6.94,0.06,0.96,-4.74
201906,8.35,7.64,6.36,7.15,7.21,6.98,7.02,0.18,6.93,0.07,1.04,-10.14
201907,-0.65,0.53,-1.05,1.8,0.76,2.48,1.49,0.19,1.19,0.1,0.99,4.92
201908,-4.11,-5.96,-8.29,-1.05,-3.23,-6.86,-2.04,0.16,-2.58,-0.14,0.89,-4.43
201909,-2.46,3.85,5.72,0.3,3.97,5.54,1.76,0.18,1.44,-0.1,0.88,3.9
201910,4.66,2.33,0.56,2.53,1.79,2.48,2.15,0.15,2.06,0.1,0.91,-5.25
201911,6.2,3.08,3.86,4.34,3.24,2.96,3.80,0.12,3.87,0.24,0.88,5.69
201912,2.71,4.21,4.82,2.76,2.64,4.3,2.89,0.14,2.77,0.31,0.87,5
202001,-1.88,-4.27,-8.23,1.78,-2.46,-4.38,,0.13,-0.11,0.23,0.83,-3.94
202002,,,,,,,,,,0.09,0.83,
